Z,N,Mass Excess [MeV],Error,Estimated
0,1,8.07131713,4.00E-07,0
1,0,7.28897061,0,0
1,1,13.13572176,1.00E-07,0
1,2,14.94980993,2.00E-07,0
1,3,24.621127,0.1,0
1,4,32.892444,0.089443,0
1,5,41.875721,0.254127,0
1,6,49.135,1.004,1
2,1,14.93121793,2.00E-07,0
2,2,2.42491561,0,0
2,3,11.231233,0.02,0
2,4,17.592095,0.000053,0
2,5,26.073126,0.007559,0
2,6,31.609681,0.000089,0
2,7,40.935826,0.046816,0
2,8,49.197143,0.092848,0
3,0,28.667,2,1
3,1,25.323189,0.212132,0
3,2,11.678886,0.05,0
3,3,14.08687895,0.0000014,0
3,4,14.90710529,0.0000042,0
3,5,20.945804,0.000047,0
3,6,24.954902,0.000186,0
3,7,33.052624,0.012721,0
3,8,40.728254,0.000615,0
3,9,49.009571,0.030006,0
3,10,56.980888,0.070003,0
4,1,37.139,2.003,1
4,2,18.375033,0.005448,0
4,3,15.768999,0.000071,0
4,4,4.941671,0.000035,0
4,5,11.348453,0.000077,0
4,6,12.607488,0.000081,0
4,7,20.177167,0.000238,0
4,8,25.07776,0.001909,0
4,9,33.659077,0.01018,0
4,10,39.954498,0.132245,0
4,11,49.825815,0.165797,0
4,12,57.447132,0.165797,0
5,1,47.32,2.003,1
5,2,27.67655,0.02515,0
5,3,22.921567,0.001,0
5,4,12.416488,0.000903,0
5,5,12.050609,0.000015,0
5,6,8.667707,0.000012,0
5,7,13.369397,0.001321,0
5,8,16.561947,0.001,0
5,9,23.663685,0.021213,0
5,10,28.958242,0.021032,0
5,11,37.11251,0.024569,0
5,12,43.716317,0.204104,0
5,13,51.792634,0.204165,0
5,14,59.770244,0.525363,0
5,15,68.45,0.8,1
5,16,77.33,0.9,1
6,2,35.064268,0.018243,0
6,3,28.910972,0.002137,0
6,4,15.698672,0.00007,0
6,5,10.649396,0.00006,0
6,6,0,0,0
6,7,3.12500888,2.00E-07,0
6,8,3.01989278,0.0000037,0
6,9,9.873144,0.0008,0
6,10,13.694132,0.003578,0
6,11,21.031898,0.017365,0
6,12,24.919264,0.03,0
6,13,32.413752,0.098389,0
6,14,37.503563,0.230625,0
6,15,45.643,0.596,1
6,16,53.611197,0.23149,0
6,17,64.171,0.997,1
7,3,38.800026,0.4,0
7,4,24.303559,0.046154,0
7,5,17.338068,0.001,0
7,6,5.345481,0.00027,0
7,7,2.86341672,1.00E-07,0
7,8,0.10143871,6.00E-07,0
7,9,5.683907,0.002301,0
7,10,7.870079,0.015,0
7,11,13.113168,0.01857,0
7,12,15.856282,0.016404,0
7,13,21.766496,0.078894,0
7,14,25.231913,0.134048,0
7,15,31.764801,0.207779,0
7,16,36.720425,0.42057,0
7,17,46.938,0.401,1
7,18,55.983,0.503,1
8,4,31.914613,0.024,0
8,5,23.115432,0.009526,0
8,6,8.007781,0.000025,0
8,7,2.855605,0.000491,0
8,8,-4.73700135,1.00E-07,0
8,9,-0.80876348,6.00E-07,0
8,10,-0.7828156,7.00E-07,0
8,11,3.332858,0.002637,0
8,12,3.796172,0.000885,0
8,13,8.062035,0.012,0
8,14,9.283033,0.056921,0
8,15,14.621369,0.121712,0
8,16,18.500402,0.164874,0
8,17,27.329027,0.165084,0
8,18,34.661037,0.16495,0
8,19,44.67,0.5,1
8,20,52.08,0.699,1
9,5,31.964402,0.041119,0
9,6,16.566751,0.014,0
9,7,10.680253,0.008321,0
9,8,1.951702,0.000248,0
9,9,0.873113,0.000463,0
9,10,-1.4874442,8.00E-07,0
9,11,-0.017463,0.00003,0
9,12,-0.047605,0.0018,0
9,13,2.793373,0.012399,0
9,14,3.285263,0.03332,0
9,15,7.544515,0.09767,0
9,16,11.334166,0.096442,0
9,17,18.648875,0.111199,0
9,18,25.450279,0.38983,0
9,19,33.741596,0.393024,0
9,20,40.150186,0.525363,0
9,21,48.112,0.596,1
9,22,56.143,0.546,1
10,5,40.215373,0.066684,0
10,6,23.986776,0.02048,0
10,7,16.500447,0.000354,0
10,8,5.317614,0.000363,0
10,9,1.75205,0.00016,0
10,10,-7.04193055,0.0000015,0
10,11,-5.731776,0.000038,0
10,12,-8.024719,0.000018,0
10,13,-5.154049,0.000104,0
10,14,-5.951646,0.000513,0
10,15,-2.035502,0.029045,0
10,16,0.481114,0.018429,0
10,17,7.050909,0.09077,0
10,18,11.299737,0.126068,0
10,19,18.399801,0.149505,0
10,20,23.280117,0.25325,0
10,21,31.181591,0.266195,0
10,22,36.999,0.503,1
10,23,45.997,0.596,1
10,24,52.842,0.513,1
11,6,35.173214,1.001356,0
11,7,25.037988,0.093881,0
11,8,12.92939,0.010535,0
11,9,6.850604,0.001114,0
11,10,-2.184631,0.000098,0
11,11,-5.181511,0.000171,0
11,12,-9.52985248,0.0000018,0
11,13,-8.417901,0.000017,0
11,14,-9.357813,0.0012,0
11,15,-6.86078,0.003502,0
11,16,-5.51779,0.003726,0
11,17,-0.988315,0.010246,0
11,18,2.679994,0.007337,0
11,19,8.47467,0.004727,0
11,20,12.246031,0.013972,0
11,21,18.640151,0.03726,0
11,22,23.78011,0.449912,0
11,23,31.680111,0.599416,0
11,24,38.231,0.67,1
11,25,46.303,0.678,1
11,26,53.534,0.687,1
12,7,31.828389,0.050001,0
12,8,17.477692,0.001863,0
12,9,10.90385,0.000755,0
12,10,-0.399933,0.000313,0
12,11,-5.473513,0.000158,0
12,12,-13.933569,0.000013,0
12,13,-13.192783,0.000047,0
12,14,-16.214542,0.00003,0
12,15,-14.586611,0.00005,0
12,16,-15.018845,0.002001,0
12,17,-10.602829,0.0114,0
12,18,-8.88382,0.003447,0
12,19,-3.122151,0.003074,0
12,20,-0.8289,0.00326,0
12,21,4.962297,0.002888,0
12,22,8.323348,0.028876,0
12,23,15.639784,0.269668,0
12,24,20.380157,0.690237,0
12,25,28.211474,0.698947,0
12,26,34.074,0.503,1
12,27,42.275,0.513,1
12,28,48.35,0.5,1
13,8,26.99,0.596,1
13,9,18.201,0.401,1
13,10,6.74807,0.000345,0
13,11,-0.048865,0.000233,0
13,12,-8.915975,0.000065,0
13,13,-12.210151,0.000067,0
13,14,-17.196861,0.000047,0
13,15,-16.850645,0.000077,0
13,16,-18.20776,0.000345,0
13,17,-15.864844,0.002888,0
13,18,-14.950706,0.002236,0
13,19,-11.099367,0.007173,0
13,20,-8.49738,0.006986,0
13,21,-3.000289,0.003074,0
13,22,-0.223728,0.007359,0
13,23,5.950384,0.149505,0
13,24,9.809563,0.180244,0
13,25,16.209859,0.374461,0
13,26,20.65,0.4,1
13,27,27.59,0.4,1
13,28,33.42,0.5,1
13,29,40.1,0.6,1
13,30,47.02,0.8,1
14,8,33.338,0.503,1
14,9,23.697,0.503,1
14,10,10.745195,0.019472,0
14,11,3.827324,0.01,0
14,12,-7.141015,0.000108,0
14,13,-12.384503,0.000107,0
14,14,-21.4927943,4.00E-07,0
14,15,-21.89507838,5.00E-07,0
14,16,-24.43296,0.000022,0
14,17,-22.949036,0.000043,0
14,18,-24.077686,0.000298,0
14,19,-20.514325,0.000699,0
14,20,-19.956852,0.014118,0
14,21,-14.391457,0.035857,0
14,22,-12.436124,0.071797,0
14,23,-6.571511,0.113809,0
14,24,-4.170299,0.104793,0
14,25,2.320352,0.135532,0
14,26,5.429679,0.345119,0
14,27,12.119668,0.554705,0
14,28,16.47,0.5,1
14,29,23.101,0.596,1
14,30,28.513,0.596,1
14,31,37.49,0.7,1
15,9,33.32,0.503,1
15,10,19.738,0.401,1
15,11,10.973,0.196,1
15,12,-0.722458,0.02634,0
15,13,-7.14774,0.001152,0
15,14,-16.952848,0.000359,0
15,15,-20.200854,0.000065,0
15,16,-24.44054095,6.00E-07,0
15,17,-24.304874,0.00004,0
15,18,-26.337346,0.00109,0
15,19,-24.548698,0.00081,0
15,20,-24.857799,0.001866,0
15,21,-20.251034,0.013114,0
15,22,-18.995998,0.037948,0
15,23,-14.621563,0.072581,0
15,24,-12.774634,0.112645,0
15,25,-8.11437,0.153582,0
15,26,-4.979767,0.120163,0
15,27,1.00974,0.314379,0
15,28,4.679826,0.554705,0
15,29,10.45,0.5,1
15,30,15.6,0.5,1
15,31,22.97,0.7,1
15,32,29.71,0.8,1
16,10,27.079,0.596,1
16,11,17.028,0.401,1
16,12,4.073206,0.16,0
16,13,-3.156416,0.05,0
16,14,-14.059253,0.000206,0
16,15,-19.042525,0.000229,0
16,16,-26.01553355,0.0000013,0
16,17,-26.58585434,0.0000013,0
16,18,-29.931685,0.000045,0
16,19,-28.846206,0.00004,0
16,20,-30.664131,0.000188,0
16,21,-26.896417,0.000198,0
16,22,-26.861203,0.007172,0
16,23,-23.162667,0.05,0
16,24,-22.837846,0.003982,0
16,25,-19.008577,0.004099,0
16,26,-17.637746,0.002794,0
16,27,-12.195459,0.00497,0
16,28,-9.204233,0.005216,0
16,29,-3.989589,1.035356,0
16,30,0.34,0.5,1
16,31,7.37,0.5,1
16,32,12.761,0.596,1
16,33,21.093,0.667,1
17,11,27.516,0.596,1
17,12,13.162176,0.18868,0
17,13,4.443,0.196,1
17,14,-7.034551,0.003447,0
17,15,-13.334674,0.000562,0
17,16,-21.003337,0.000391,0
17,17,-24.440082,0.000049,0
17,18,-29.013528,0.000035,0
17,19,-29.522005,0.000036,0
17,20,-31.761538,0.000052,0
17,21,-29.798103,0.000098,0
17,22,-29.800205,0.001732,0
17,23,-27.557813,0.032066,0
17,24,-27.307189,0.068723,0
17,25,-24.831767,0.059616,0
17,26,-24.159508,0.061858,0
17,27,-20.384523,0.136321,0
17,28,-18.262543,0.136163,0
17,29,-13.859398,0.208661,0
17,30,-9.78,0.4,1
17,31,-4.28,0.5,1
17,32,0.94,0.6,1
17,33,7.74,0.6,1
17,34,14.29,0.7,1
18,12,20.931147,0.206155,0
18,13,11.325,0.2,1
18,14,-2.200351,0.00177,0
18,15,-9.384292,0.000401,0
18,16,-18.37829,0.000078,0
18,17,-23.047284,0.00068,0
18,18,-30.23154,0.000027,0
18,19,-30.947664,0.000207,0
18,20,-34.714821,0.000195,0
18,21,-33.24219,0.005,0
18,22,-35.03989464,0.0000022,0
18,23,-33.067505,0.000347,0
18,24,-34.422675,0.005775,0
18,25,-32.009808,0.00531,0
18,26,-32.673255,0.001584,0
18,27,-29.770796,0.000512,0
18,28,-29.772926,0.001118,0
18,29,-25.366338,0.001118,0
18,30,-22.281337,0.307393,0
18,31,-17.19,0.4,1
18,32,-13.33,0.5,1
18,33,-6.69,0.6,1
18,34,-1.28,0.6,1
18,35,6.791,0.699,1
19,13,21.098,0.401,1
19,14,7.042,0.196,1
19,15,-1.22,0.196,1
19,16,-11.172891,0.000512,0
19,17,-17.417065,0.000341,0
19,18,-24.800199,0.000094,0
19,19,-28.800755,0.000195,0
19,20,-33.8071901,0.0000045,0
19,21,-33.535492,0.000056,0
19,22,-35.55954331,0.0000038,0
19,23,-35.022026,0.000106,0
19,24,-36.575389,0.00041,0
19,25,-35.781492,0.000419,0
19,26,-36.615638,0.000522,0
19,27,-35.413924,0.000727,0
19,28,-35.711976,0.001397,0
19,29,-32.284477,0.000773,0
19,30,-29.61149,0.000801,0
19,31,-25.727848,0.007731,0
19,32,-22.516196,0.013047,0
19,33,-17.137627,0.033534,0
19,34,-12.295721,0.111779,0
19,35,-5.002,0.596,1
19,36,0.708,0.699,1
19,37,7.927,0.801,1
20,14,13.851,0.298,1
20,15,4.788,0.196,1
20,16,-6.451149,0.04,0
20,17,-13.136066,0.000634,0
20,18,-22.058499,0.000194,0
20,19,-27.282702,0.000596,0
20,20,-34.846384,0.000021,0
20,21,-35.13789,0.000138,0
20,22,-38.547245,0.000149,0
20,23,-38.408822,0.000228,0
20,24,-41.468675,0.000325,0
20,25,-40.812174,0.000366,0
20,26,-43.139361,0.002235,0
20,27,-42.344418,0.002222,0
20,28,-44.224629,0.000096,0
20,29,-41.299765,0.000201,0
20,30,-39.589224,0.001584,0
20,31,-36.332304,0.000522,0
20,32,-34.266266,0.000671,0
20,33,-29.387704,0.04378,0
20,34,-25.160585,0.048438,0
20,35,-18.35,0.3,1
20,36,-13.898,0.4,1
20,37,-6.874,0.4,1
20,38,-1.919,0.5,1
21,15,15.351,0.298,1
21,16,3.52,0.3,1
21,17,-4.249,0.2,1
21,18,-14.172709,0.024,0
21,19,-20.523335,0.002828,0
21,20,-28.642412,0.000083,0
21,21,-32.121153,0.000169,0
21,22,-36.188102,0.001863,0
21,23,-37.815985,0.001756,0
21,24,-41.071896,0.000675,0
21,25,-41.761219,0.000683,0
21,26,-44.336595,0.001933,0
21,27,-44.503842,0.004951,0
21,28,-46.561265,0.002698,0
21,29,-44.547382,0.015,0
21,30,-43.228684,0.02,0
21,31,-40.443279,0.081852,0
21,32,-38.906808,0.094087,0
21,33,-33.8909,0.2728,0
21,34,-30.159352,0.454342,0
21,35,-24.85226,0.586841,0
21,36,-20.995875,1.304092,0
21,37,-14.876,0.4,1
21,38,-10.302,0.4,1
21,39,-4.052,0.5,1
21,40,0.931,0.6,1
22,16,10.87,0.3,1
22,17,2.2,0.2,1
22,18,-8.850384,0.16,0
22,19,-15.697537,0.027945,0
22,20,-25.104674,0.000277,0
22,21,-29.321082,0.007245,0
22,22,-37.548569,0.0007,0
22,23,-39.00984,0.000845,0
22,24,-44.127799,0.000165,0
22,25,-44.937364,0.000115,0
22,26,-48.492709,0.000109,0
22,27,-48.563787,0.000114,0
22,28,-51.43166,0.000121,0
22,29,-49.732837,0.000505,0
22,30,-49.46982,0.007072,0
22,31,-46.831061,0.100049,0
22,32,-45.621981,0.082461,0
22,33,-41.668088,0.161602,0
22,34,-39.320048,0.121247,0
22,35,-33.915633,0.256417,0
22,36,-31.11,0.2,1
22,37,-25.51,0.2,1
22,38,-22.33,0.3,1
22,39,-16.35,0.4,1
22,40,-12.5,0.4,1
22,41,-5.75,0.5,1
22,42,-1.025,0.6,1
23,17,12.17,0.3,1
23,18,0.32,0.2,1
23,19,-7.62,0.196,1
23,20,-17.916356,0.042849,0
23,21,-24.11638,0.181641,0
23,22,-31.886016,0.000872,0
23,23,-37.075351,0.000202,0
23,24,-42.006618,0.000169,0
23,25,-44.477694,0.000975,0
23,26,-47.961931,0.000828,0
23,27,-49.224013,0.000409,0
23,28,-52.203842,0.000401,0
23,29,-51.443769,0.00042,0
23,30,-51.851061,0.00312,0
23,31,-49.893173,0.015004,0
23,32,-49.144586,0.095104,0
23,33,-46.154881,0.176898,0
23,34,-44.41345,0.080479,0
23,35,-40.401753,0.089374,0
23,36,-37.832015,0.161874,0
23,37,-33.241956,0.220159,0
23,38,-30.506429,0.894234,0
23,39,-25.476,0.298,1
23,40,-21.89,0.4,1
23,41,-16.32,0.4,1
23,42,-11.78,0.5,1
23,43,-5.61,0.5,1
23,44,-0.65,0.6,1
24,18,6.73,0.4,1
24,19,-1.97,0.4,1
24,20,-13.36,0.3,1
24,21,-19.514799,0.035397,0
24,22,-29.471567,0.011453,0
24,23,-34.562578,0.00603,0
24,24,-42.82202,0.007324,0
24,25,-45.33306,0.002243,0
24,26,-50.262072,0.000437,0
24,27,-51.451395,0.0004,0
24,28,-55.419242,0.00034,0
24,29,-55.286999,0.000348,0
24,30,-56.934765,0.000353,0
24,31,-55.10971,0.000399,0
24,32,-55.285001,0.000603,0
24,33,-52.524702,0.001068,0
24,34,-51.991801,0.00149,0
24,35,-48.08576,0.216367,0
24,36,-46.669576,0.193593,0
24,37,-42.475229,0.101341,0
24,38,-40.894961,0.148099,0
24,39,-36.007474,0.358073,0
24,40,-33.479757,0.439665,0
24,41,-28.22,0.3,1
24,42,-24.72,0.4,1
24,43,-18.68,0.4,1
24,44,-14.8,0.5,1
24,45,-8.58,0.5,1
24,46,-4.48,0.6,1
25,19,7.03,0.5,1
25,20,-5.25,0.4,1
25,21,-12.57,0.4,1
25,22,-22.566374,0.031671,0
25,23,-29.296338,0.006939,0
25,24,-37.620634,0.002255,0
25,25,-42.627595,0.000442,0
25,26,-48.243877,0.000502,0
25,27,-50.707284,0.001845,0
25,28,-54.690116,0.00045,0
25,29,-55.557629,0.001059,0
25,30,-57.712413,0.000303,0
25,31,-56.911538,0.000331,0
25,32,-57.486251,0.001505,0
25,33,-55.82756,0.002701,0
25,34,-55.52532,0.002329,0
25,35,-52.967938,0.002329,0
25,36,-51.742122,0.002329,0
25,37,-48.523957,0.006542,0
25,38,-46.887053,0.003726,0
25,39,-42.989035,0.00354,0
25,40,-40.967339,0.003726,0
25,41,-36.750387,0.011178,0
25,42,-33.46,0.3,1
25,43,-28.38,0.4,1
25,44,-24.77,0.4,1
25,45,-19.5,0.5,1
25,46,-15.57,0.5,1
25,47,-9.9,0.6,1
26,19,13.762,0.4,1
26,20,0.91,0.5,1
26,21,-6.87,0.5,1
26,22,-18,0.4,1
26,23,-24.750727,0.024219,0
26,24,-34.476456,0.008383,0
26,25,-40.202555,0.008964,0
26,26,-48.330363,0.005117,0
26,27,-50.94753,0.001656,0
26,28,-56.2545,0.000372,0
26,29,-57.4813,0.000342,0
26,30,-60.607082,0.000302,0
26,31,-60.181839,0.000304,0
26,32,-62.155113,0.000343,0
26,33,-60.664805,0.000355,0
26,34,-61.413017,0.003409,0
26,35,-58.920494,0.002608,0
26,36,-58.878048,0.002794,0
26,37,-55.635621,0.004302,0
26,38,-54.969544,0.005017,0
26,39,-51.217895,0.005112,0
26,40,-50.067839,0.004099,0
26,41,-45.610155,0.270285,0
26,42,-43.486914,0.365259,0
26,43,-39.03,0.4,1
26,44,-36.51,0.4,1
26,45,-31.43,0.4,1
26,46,-28.43,0.5,1
26,47,-22.9,0.5,1
26,48,-19.59,0.6,1
26,49,-13.64,0.6,1
27,20,10.37,0.6,1
27,21,1.5,0.5,1
27,22,-9.88,0.5,1
27,23,-17.63,0.4,1
27,24,-27.342143,0.048438,0
27,25,-34.360951,0.008383,0
27,26,-42.659428,0.001713,0
27,27,-48.009953,0.000383,0
27,28,-54.029883,0.000428,0
27,29,-56.040402,0.000493,0
27,30,-59.345564,0.000533,0
27,31,-59.847158,0.00116,0
27,32,-62.229709,0.000418,0
27,33,-61.650309,0.000424,0
27,34,-62.898066,0.000846,0
27,35,-61.424282,0.018575,0
27,36,-61.85144,0.018575,0
27,37,-59.792329,0.020006,0
27,38,-59.185198,0.002083,0
27,39,-56.408533,0.013972,0
27,40,-55.321775,0.006443,0
27,41,-51.930665,0.189497,0
27,42,-50.279157,0.140506,0
27,43,-46.63,0.3,1
27,44,-44.369926,0.46503,0
27,45,-40.2,0.4,1
27,46,-37.418,0.4,1
27,47,-32.82,0.5,1
27,48,-29.649,0.5,1
27,49,-24.51,0.6,1
27,50,-21.015,0.6,1
28,20,16.793,0.502,1
28,21,8.2,0.6,1
28,22,-4.12,0.5,1
28,23,-11.9,0.5,1
28,24,-22.33,0.4,1
28,25,-29.630824,0.02515,0
28,26,-39.278308,0.004657,0
28,27,-45.335849,0.000719,0
28,28,-53.907539,0.000422,0
28,29,-56.083833,0.000582,0
28,30,-60.228744,0.000373,0
28,31,-61.156707,0.000374,0
28,32,-64.473118,0.000376,0
28,33,-64.221905,0.000378,0
28,34,-66.746323,0.000439,0
28,35,-65.512775,0.00044,0
28,36,-67.098921,0.000475,0
28,37,-65.125685,0.000495,0
28,38,-66.006285,0.001397,0
28,39,-63.74268,0.002888,0
28,40,-63.463814,0.002981,0
28,41,-59.978648,0.003726,0
28,42,-59.21386,0.002144,0
28,43,-55.406228,0.002237,0
28,44,-54.22606,0.002237,0
28,45,-50.108152,0.002423,0
28,46,-48.456,0.196,1
28,47,-44.03,0.3,1
28,48,-41.63,0.4,1
28,49,-36.8,0.5,1
28,50,-33.89,0.6,1
28,51,-27.57,0.6,1
28,52,-22.63,0.7,1
29,23,-2.28,0.6,1
29,24,-13.27,0.5,1
29,25,-21.41,0.4,1
29,26,-31.635399,0.155559,0
29,27,-38.643029,0.014904,0
29,28,-47.308886,0.000519,0
29,29,-51.667725,0.000578,0
29,30,-56.358327,0.000544,0
29,31,-58.345137,0.001618,0
29,32,-61.984059,0.000953,0
29,33,-62.787426,0.000647,0
29,34,-65.579752,0.00044,0
29,35,-65.424545,0.000448,0
29,36,-67.26366,0.00065,0
29,37,-66.258272,0.000655,0
29,38,-67.319513,0.000894,0
29,39,-65.567035,0.001584,0
29,40,-65.736213,0.001397,0
29,41,-62.976373,0.001082,0
29,42,-62.711127,0.00149,0
29,43,-59.782999,0.001397,0
29,44,-58.987437,0.001942,0
29,45,-56.006205,0.006148,0
29,46,-54.471341,0.00233,0
29,47,-50.975985,0.006707,0
29,48,-48.624,0.149,1
29,49,-44.497469,0.503007,0
29,50,-41.74,0.3,1
29,51,-36.2,0.4,1
29,52,-31.42,0.5,1
29,53,-25.32,0.6,1
30,24,-6.272,0.4,1
30,25,-14.57,0.4,1
30,26,-25.39,0.4,1
30,27,-32.55,0.2,1
30,28,-42.298744,0.050001,0
30,29,-47.215551,0.000771,0
30,30,-54.17434,0.000564,0
30,31,-56.348903,0.015899,0
30,32,-61.167972,0.000625,0
30,33,-62.213397,0.001561,0
30,34,-66.004014,0.000647,0
30,35,-65.912019,0.00065,0
30,36,-68.89916,0.000749,0
30,37,-67.880313,0.00076,0
30,38,-70.007092,0.000784,0
30,39,-68.417845,0.0008,0
30,40,-69.564735,0.001918,0
30,41,-67.328777,0.002654,0
30,42,-68.145486,0.002142,0
30,43,-65.593402,0.001863,0
30,44,-65.756712,0.002515,0
30,45,-62.558908,0.001956,0
30,46,-62.303016,0.001456,0
30,47,-58.789195,0.001973,0
30,48,-57.483235,0.001944,0
30,49,-53.432295,0.002225,0
30,50,-51.648612,0.002585,0
30,51,-46.199663,0.00503,0
30,52,-42.313954,0.003074,0
30,53,-36.29,0.3,1
30,54,-31.93,0.4,1
30,55,-25.23,0.5,1
31,25,-3.39,0.5,1
31,26,-15.01,0.4,1
31,27,-23.54,0.3,1
31,28,-33.76,0.17,1
31,29,-39.59,0.2,1
31,30,-47.134659,0.037994,0
31,31,-51.986906,0.000647,0
31,32,-56.547093,0.001304,0
31,33,-58.832821,0.001429,0
31,34,-62.657507,0.000815,0
31,35,-63.72366,0.001096,0
31,36,-66.879048,0.001181,0
31,37,-67.085992,0.001433,0
31,38,-69.327809,0.001197,0
31,39,-68.91014,0.001201,0
31,40,-70.139135,0.000812,0
31,41,-68.588293,0.000819,0
31,42,-69.699335,0.001677,0
31,43,-68.049617,0.002994,0
31,44,-68.46458,0.002422,0
31,45,-66.29664,0.001956,0
31,46,-65.992344,0.002422,0
31,47,-63.70595,0.001903,0
31,48,-62.547679,0.001868,0
31,49,-59.223667,0.002891,0
31,50,-57.627954,0.003264,0
31,51,-52.930719,0.002426,0
31,52,-49.257122,0.002613,0
31,53,-44.088,0.2,1
31,54,-39.849,0.298,1
31,55,-34.08,0.4,1
31,56,-29.25,0.5,1
32,26,-7.08,0.5,1
32,27,-15.87,0.4,1
32,28,-27.09,0.3,1
32,29,-33.36,0.3,1
32,30,-41.74,0.14,1
32,31,-46.921216,0.03726,0
32,32,-54.315496,0.003726,0
32,33,-56.478216,0.002165,0
32,34,-61.607032,0.002401,0
32,35,-62.65823,0.004661,0
32,36,-66.978789,0.001876,0
32,37,-67.100663,0.001318,0
32,38,-70.561876,0.000838,0
32,39,-69.906497,0.000834,0
32,40,-72.5859,0.000076,0
32,41,-71.297523,0.000057,0
32,42,-73.422442,0.000013,0
32,43,-71.856965,0.000052,0
32,44,-73.212889,0.000018,0
32,45,-71.212862,0.000053,0
32,46,-71.86205,0.003536,0
32,47,-69.526592,0.037181,0
32,48,-69.535306,0.002054,0
32,49,-66.291687,0.002055,0
32,50,-65.415067,0.002241,0
32,51,-60.976435,0.002427,0
32,52,-58.148428,0.003171,0
32,53,-53.12342,0.003729,0
32,54,-49.399922,0.437802,0
32,55,-44.078,0.3,1
32,56,-40.138,0.4,1
32,57,-33.729,0.4,1
32,58,-29.221,0.5,1
33,27,-5.47,0.4,1
33,28,-16.9,0.3,1
33,29,-24.32,0.3,1
33,30,-33.5,0.2,1
33,31,-39.532,0.203,1
33,32,-46.937051,0.084766,0
33,33,-52.025077,0.005682,0
33,34,-56.587225,0.000443,0
33,35,-58.894519,0.001846,0
33,36,-63.112171,0.031999,0
33,37,-64.341876,0.050007,0
33,38,-67.893097,0.004167,0
33,39,-68.229798,0.004083,0
33,40,-70.952747,0.003853,0
33,41,-70.860054,0.001693,0
33,42,-73.034195,0.000884,0
33,43,-72.291377,0.000886,0
33,44,-73.916318,0.001693,0
33,45,-72.81694,0.009781,0
33,46,-73.636049,0.005328,0
33,47,-72.214493,0.003333,0
33,48,-72.533304,0.002644,0
33,49,-70.105419,0.003729,0
33,50,-69.669323,0.002799,0
33,51,-65.85356,0.003171,0
33,52,-63.189144,0.003078,0
33,53,-58.962142,0.00345,0
33,54,-55.617907,0.002985,0
33,55,-50.72,0.196,1
33,56,-46.798,0.298,1
33,57,-41.33,0.4,1
33,58,-36.896,0.4,1
33,59,-30.981,0.5,1
34,30,-26.7,0.503,1
34,31,-33.02,0.3,1
34,32,-41.66,0.2,1
34,33,-46.580289,0.067068,0
34,34,-54.189441,0.000496,0
34,35,-56.434706,0.00149,0
34,36,-61.929891,0.001584,0
34,37,-63.146507,0.002794,0
34,38,-67.86818,0.001956,0
34,39,-68.227387,0.007424,0
34,40,-72.213201,0.000015,0
34,41,-72.169481,0.000073,0
34,42,-75.25195,0.000016,0
34,43,-74.599488,0.000062,0
34,44,-77.025944,0.000179,0
34,45,-75.917459,0.000223,0
34,46,-77.759457,0.000963,0
34,47,-76.388988,0.000992,0
34,48,-77.593882,0.000467,0
34,49,-75.34053,0.003036,0
34,50,-75.947721,0.001961,0
34,51,-72.413636,0.002613,0
34,52,-70.503167,0.00252,0
34,53,-66.426125,0.002241,0
34,54,-63.884195,0.003357,0
34,55,-58.992391,0.003729,0
34,56,-55.800217,0.329749,0
34,57,-50.580124,0.433145,0
34,58,-46.724,0.4,1
34,59,-40.716,0.4,1
34,60,-36.803,0.5,1
34,61,-30.46,0.5,1
35,32,-32.79,0.4,1
35,33,-38.791,0.259,1
35,34,-46.25947,0.042003,0
35,35,-51.425619,0.014904,0
35,36,-56.502418,0.005402,0
35,37,-59.061743,0.001025,0
35,38,-63.647475,0.007266,0
35,39,-65.288153,0.005835,0
35,40,-69.107009,0.004285,0
35,41,-70.289068,0.009322,0
35,42,-73.234809,0.002811,0
35,43,-73.45216,0.00358,0
35,44,-76.068035,0.001021,0
35,45,-75.888993,0.001012,0
35,46,-77.977034,0.000978,0
35,47,-77.498661,0.000971,0
35,48,-79.013709,0.003795,0
35,49,-77.783084,0.02573,0
35,50,-78.575469,0.003078,0
35,51,-75.632252,0.003078,0
35,52,-73.891676,0.003171,0
35,53,-70.715959,0.003171,0
35,54,-68.274263,0.003264,0
35,55,-64.000298,0.003357,0
35,56,-61.107294,0.003544,0
35,57,-56.232805,0.006709,0
35,58,-52.89023,0.430816,0
35,59,-47.4,0.3,1
35,60,-43.771,0.298,1
35,61,-38.163,0.298,1
35,62,-34.055,0.401,1
35,63,-28.25,0.4,1
36,33,-32.435,0.401,1
36,34,-41.1,0.2,1
36,35,-46.327205,0.128769,0
36,36,-53.940575,0.008011,0
36,37,-56.551751,0.006578,0
36,38,-62.331836,0.002013,0
36,39,-64.323624,0.008104,0
36,40,-69.013714,0.004013,0
36,41,-70.169443,0.001956,0
36,42,-74.178275,0.000307,0
36,43,-74.442257,0.003486,0
36,44,-77.893346,0.000691,0
36,45,-77.696181,0.001074,0
36,46,-80.59178515,0.0000054,0
36,47,-79.990633,0.000009,0
36,48,-82.4393351,0.0000037,0
36,49,-81.480331,0.002,0
36,50,-83.26566564,0.0000036,0
36,51,-80.709522,0.000246,0
36,52,-79.691286,0.002608,0
36,53,-76.535785,0.002142,0
36,54,-74.95925,0.001863,0
36,55,-70.973965,0.002236,0
36,56,-68.76932,0.002701,0
36,57,-64.135994,0.002515,0
36,58,-61.347772,0.012109,0
36,59,-56.158913,0.01863,0
36,60,-53.079678,0.020493,0
36,61,-47.423492,0.130409,0
36,62,-44.311,0.298,1
36,63,-38.759,0.401,1
36,64,-35.052,0.401,1
36,65,-29.128,0.503,1
37,34,-32.06,0.4,1
37,35,-38.33,0.5,1
37,36,-46.082,0.2,1
37,37,-51.916009,0.003027,0
37,38,-57.218694,0.00118,0
37,39,-60.479081,0.000938,0
37,40,-64.830492,0.001304,0
37,41,-66.935419,0.003237,0
37,42,-70.802985,0.002142,0
37,43,-72.175467,0.001863,0
37,44,-75.45667,0.004904,0
37,45,-76.187803,0.003009,0
37,46,-79.07063,0.002329,0
37,47,-79.758964,0.002194,0
37,48,-82.1673305,0.0000049,0
37,49,-82.746993,0.0002,0
37,50,-84.597791,0.000006,0
37,51,-82.608995,0.000159,0
37,52,-81.712388,0.005427,0
37,53,-79.364404,0.006484,0
37,54,-77.745037,0.007801,0
37,55,-74.772438,0.006123,0
37,56,-72.619901,0.00783,0
37,57,-68.562785,0.002029,0
37,58,-65.891493,0.020245,0
37,59,-61.354349,0.003353,0
37,60,-58.519137,0.001912,0
37,61,-54.369146,0.016083,0
37,62,-51.121143,0.004031,0
37,63,-46.247064,0.019561,0
37,64,-42.845,0.2,1
37,65,-37.707,0.298,1
37,66,-33.608,0.401,1
38,35,-31.95,0.401,1
38,36,-40.827,0.1,1
38,37,-46.618694,0.220003,0
38,38,-54.247639,0.034465,0
38,39,-57.803436,0.007918,0
38,40,-63.173941,0.007452,0
38,41,-65.476889,0.008383,0
38,42,-70.311459,0.003464,0
38,43,-71.528125,0.003128,0
38,44,-76.010053,0.005992,0
38,45,-76.797606,0.006834,0
38,46,-80.64957,0.001243,0
38,47,-81.10328,0.002813,0
38,48,-84.52308935,0.0000052,0
38,49,-84.88006595,0.0000051,0
38,50,-87.92161793,0.0000055,0
38,51,-86.209017,0.000092,0
38,52,-85.948127,0.002124,0
38,53,-83.651927,0.005453,0
38,54,-82.867361,0.003423,0
38,55,-80.085838,0.007554,0
38,56,-78.845711,0.001663,0
38,57,-75.119551,0.005812,0
38,58,-72.924157,0.008475,0
38,59,-68.581454,0.003385,0
38,60,-66.423104,0.003226,0
38,61,-62.521401,0.004741,0
38,62,-59.820903,0.00716,0
38,63,-55.324907,0.00848,0
38,64,-52.159304,0.067068,0
38,65,-47.422,0.196,1
38,66,-44.106,0.298,1
38,67,-38.61,0.503,1
38,68,-34.79,0.6,1
38,69,-28.9,0.7,1
39,36,-31.82,0.3,1
39,37,-38.48,0.3,1
39,38,-46.439,0.203,1
39,39,-52.173,0.298,1
39,40,-57.817833,0.079177,0
39,41,-61.148152,0.006242,0
39,42,-65.712912,0.005405,0
39,43,-68.064091,0.005499,0
39,44,-72.205665,0.018631,0
39,45,-73.894431,0.004299,0
39,46,-77.842123,0.018965,0
39,47,-79.283089,0.014142,0
39,48,-83.018376,0.001128,0
39,49,-84.299018,0.0015,0
39,50,-87.708352,0.001612,0
39,51,-86.494062,0.001611,0
39,52,-86.351295,0.001843,0
39,53,-84.816492,0.009127,0
39,54,-84.227157,0.010488,0
39,55,-82.351463,0.00638,0
39,56,-81.208848,0.006779,0
39,57,-78.335895,0.006088,0
39,58,-76.121424,0.006719,0
39,59,-72.294777,0.007929,0
39,60,-70.649825,0.006627,0
39,61,-67.327396,0.011186,0
39,62,-65.061002,0.007092,0
39,63,-61.173177,0.004077,0
39,64,-58.457575,0.011204,0
39,65,-54.064,0.401,1
39,66,-51.270361,1.336694,0
39,67,-46.053,0.503,1
39,68,-42.364,0.503,1
39,69,-37.297,0.596,1
39,70,-33.2,0.7,1
40,37,-32.04,0.4,1
40,38,-40.85,0.4,1
40,39,-46.77,0.3,1
40,40,-54.36,0.3,1
40,41,-57.460139,0.094081,0
40,42,-63.631287,0.011178,0
40,43,-65.911654,0.00643,0
40,44,-71.421686,0.005499,0
40,45,-73.175189,0.00643,0
40,46,-77.969014,0.003566,0
40,47,-79.347137,0.004146,0
40,48,-83.628871,0.005403,0
40,49,-84.875561,0.003083,0
40,50,-88.772535,0.000118,0
40,51,-87.895566,0.000105,0
40,52,-88.459028,0.000102,0
40,53,-87.122032,0.000457,0
40,54,-87.269322,0.000164,0
40,55,-85.65994,0.000869,0
40,56,-85.438846,0.000114,0
40,57,-82.942661,0.000414,0
40,58,-81.286709,0.008451,0
40,59,-77.620617,0.010502,0
40,60,-76.377437,0.008149,0
40,61,-73.165957,0.008339,0
40,62,-71.587707,0.008767,0
40,63,-67.815334,0.009232,0
40,64,-65.72406,0.009325,0
40,65,-61.464734,0.012118,0
40,66,-58.549987,0.433145,0
40,67,-54.379688,1.12245,0
40,68,-51.353,0.401,1
40,69,-46.193,0.503,1
40,70,-42.886,0.596,1
40,71,-37.56,0.7,1
40,72,-33.81,0.7,1
41,38,-31.65,0.5,1
41,39,-38.42,0.4,1
41,40,-46.36,0.4,1
41,41,-52.09,0.3,1
41,42,-57.556083,0.150902,0
41,43,-61.218717,0.013041,0
41,44,-66.279676,0.004099,0
41,45,-69.134054,0.005499,0
41,46,-73.874486,0.006802,0
41,47,-76.173586,0.05881,0
41,48,-80.625209,0.023631,0
41,49,-82.661519,0.003317,0
41,50,-86.638001,0.002926,0
41,51,-86.453292,0.001785,0
41,52,-87.212838,0.001491,0
41,53,-86.369062,0.001491,0
41,54,-86.786258,0.000508,0
41,55,-85.602816,0.000147,0
41,56,-85.605776,0.004249,0
41,57,-83.524598,0.005001,0
41,58,-82.335341,0.012004,0
41,59,-79.797399,0.007986,0
41,60,-78.891491,0.003749,0
41,61,-76.304544,0.002545,0
41,62,-75.028671,0.003935,0
41,63,-71.819012,0.002737,0
41,64,-69.915551,0.004028,0
41,65,-66.203357,0.004122,0
41,66,-63.72381,0.008023,0
41,67,-59.545765,0.008237,0
41,68,-56.689794,0.25849,0
41,69,-52.309909,0.838345,0
41,70,-48.875,0.298,1
41,71,-44.274,0.298,1
41,72,-40.511,0.401,1
41,73,-35.387,0.503,1
41,74,-31.354,0.503,1
42,39,-31.75,0.5,1
42,40,-40.37,0.4,1
42,41,-46.34,0.401,1
42,42,-54.17,0.298,1
42,43,-57.509753,0.015835,0
42,44,-64.110245,0.003726,0
42,45,-66.884808,0.002857,0
42,46,-72.686544,0.003819,0
42,47,-75.014935,0.003912,0
42,48,-80.172503,0.003463,0
42,49,-82.208821,0.006238,0
42,50,-86.808576,0.000157,0
42,51,-86.807069,0.000181,0
42,52,-88.414065,0.000141,0
42,53,-87.711858,0.000123,0
42,54,-88.794876,0.00012,0
42,55,-87.544691,0.000165,0
42,56,-88.115972,0.000174,0
42,57,-85.970098,0.000229,0
42,58,-86.193025,0.000302,0
42,59,-83.519949,0.000309,0
42,60,-83.566061,0.008312,0
42,61,-80.96067,0.009232,0
42,62,-80.349968,0.008921,0
42,63,-77.337141,0.009065,0
42,64,-76.134528,0.00914,0
42,65,-72.55156,0.009233,0
42,66,-70.755942,0.009233,0
42,67,-66.665996,0.011188,0
42,68,-64.542585,0.024223,0
42,69,-59.939761,0.012578,0
42,70,-57.464,0.196,1
42,71,-52.49,0.3,1
42,72,-49.807,0.298,1
42,73,-44.749,0.401,1
42,74,-41.5,0.5,1
42,75,-36.17,0.5,1
42,76,-32.63,0.5,1
43,40,-31.32,0.5,1
43,41,-37.7,0.4,1
43,42,-45.85,0.4,1
43,43,-51.57,0.3,1
43,44,-57.690044,0.004192,0
43,45,-61.681315,0.149039,0
43,46,-67.394848,0.003819,0
43,47,-70.724687,0.001025,0
43,48,-75.986646,0.002363,0
43,49,-78.925693,0.003102,0
43,50,-83.606106,0.001012,0
43,51,-84.158317,0.004071,0
43,52,-86.021341,0.00508,0
43,53,-85.821634,0.005146,0
43,54,-87.224424,0.004118,0
43,55,-86.432205,0.00338,0
43,56,-87.327862,0.000908,0
43,57,-86.020945,0.001351,0
43,58,-86.344594,0.024004,0
43,59,-84.572878,0.009166,0
43,60,-84.603867,0.00981,0
43,61,-82.503444,0.024888,0
43,62,-82.290088,0.035264,0
43,63,-79.776223,0.01225,0
43,64,-78.749914,0.008673,0
43,65,-75.922778,0.008769,0
43,66,-74.282775,0.009669,0
43,67,-71.03451,0.009497,0
43,68,-69.024622,0.010581,0
43,69,-65.258938,0.005515,0
43,70,-62.811541,0.003353,0
43,71,-58.600288,0.433145,0
43,72,-56.31999,0.789441,0
43,73,-51.456,0.298,1
43,74,-48.382,0.401,1
43,75,-43.79,0.401,1
43,76,-40.371,0.503,1
43,77,-35.518,0.503,1
43,78,-31.78,0.5,1
44,41,-30.95,0.5,1
44,42,-39.77,0.4,1
44,43,-45.52,0.4,1
44,44,-54.34,0.3,1
44,45,-58.26,0.298,1
44,46,-64.883792,0.00373,0
44,47,-68.239823,0.002221,0
44,48,-74.301201,0.002718,0
44,49,-77.216713,0.002065,0
44,50,-82.583591,0.003143,0
44,51,-83.457745,0.009502,0
44,52,-86.080372,0.00017,0
44,53,-86.120552,0.002763,0
44,54,-88.224858,0.006463,0
44,55,-87.625381,0.000344,0
44,56,-89.227389,0.000343,0
44,57,-87.958114,0.000415,0
44,58,-89.106437,0.000418,0
44,59,-87.267171,0.000443,0
44,60,-88.09571,0.002498,0
44,61,-85.93449,0.002499,0
44,62,-86.323223,0.005391,0
44,63,-83.862512,0.008673,0
44,64,-83.66135,0.00868,0
44,65,-80.738401,0.008954,0
44,66,-80.072576,0.008924,0
44,67,-76.785271,0.009682,0
44,68,-75.630818,0.009599,0
44,69,-71.868119,0.036875,0
44,70,-70.221811,0.00355,0
44,71,-66.189734,0.088496,0
44,72,-64.068909,0.003726,0
44,73,-59.489865,0.433145,0
44,74,-57.26,0.2,1
44,75,-52.564,0.298,1
44,76,-50.012,0.401,1
44,77,-45.047,0.401,1
44,78,-42.15,0.5,1
44,79,-37.08,0.5,1
44,80,-33.96,0.6,1
45,43,-36.86,0.4,1
45,44,-45.861,0.361,1
45,45,-51.7,0.3,1
45,46,-58.57,0.298,1
45,47,-62.999087,0.004378,0
45,48,-69.0118,0.002629,0
45,49,-72.907613,0.003379,0
45,50,-78.340606,0.003886,0
45,51,-79.687718,0.010001,0
45,52,-82.597552,0.035463,0
45,53,-83.175205,0.011906,0
45,54,-85.5813,0.006697,0
45,55,-85.591126,0.018125,0
45,56,-87.412416,0.005841,0
45,57,-86.783318,0.00641,0
45,58,-88.031708,0.002301,0
45,59,-86.959348,0.002303,0
45,60,-87.851243,0.002502,0
45,61,-86.362627,0.00539,0
45,62,-86.863703,0.012051,0
45,63,-85.031721,0.013996,0
45,64,-84.999455,0.004039,0
45,65,-82.828686,0.017805,0
45,66,-82.304452,0.00685,0
45,67,-79.731503,0.044085,0
45,68,-78.767536,0.00713,0
45,69,-75.710625,0.071561,0
45,70,-74.229831,0.007316,0
45,71,-70.736122,0.073832,0
45,72,-68.897373,0.008892,0
45,73,-64.88746,0.024235,0
45,74,-62.822794,0.009315,0
45,75,-58.815,0.196,1
45,76,-56.250128,0.619444,0
45,77,-52.08,0.3,1
45,78,-49.36,0.4,1
45,79,-44.89,0.4,1
45,80,-42,0.5,1
45,81,-37.3,0.5,1
45,82,-34.03,0.6,1
46,44,-39.71,0.4,1
46,45,-45.93,0.401,1
46,46,-54.58,0.3,1
46,47,-59.001,0.3,1
46,48,-66.102268,0.004287,0
46,49,-69.9659,0.003031,0
46,50,-76.183406,0.004194,0
46,51,-77.805843,0.004844,0
46,52,-81.320975,0.004742,0
46,53,-82.182651,0.004981,0
46,54,-85.212778,0.017638,0
46,55,-85.432132,0.004588,0
46,56,-87.903171,0.000554,0
46,57,-87.457189,0.00095,0
46,58,-89.395105,0.001336,0
46,59,-88.417888,0.001138,0
46,60,-89.907527,0.001106,0
46,61,-88.372639,0.001201,0
46,62,-89.524206,0.001108,0
46,63,-87.606476,0.001114,0
46,64,-88.330905,0.000612,0
46,65,-85.985888,0.000731,0
46,66,-86.321562,0.006544,0
46,67,-83.591092,0.006945,0
46,68,-83.490943,0.006945,0
46,69,-80.426386,0.013546,0
46,70,-79.831635,0.007132,0
46,71,-76.424477,0.007252,0
46,72,-75.388746,0.002491,0
46,73,-71.407902,0.008245,0
46,74,-70.28005,0.002291,0
46,75,-66.182329,0.003353,0
46,76,-64.616161,0.019561,0
46,77,-60.429742,0.789441,0
46,78,-58.39,0.298,1
46,79,-54.12,0.4,1
46,80,-51.86,0.4,1
46,81,-47.18,0.5,1
46,82,-44.49,0.5,1
46,83,-37.61,0.6,1
47,45,-37.13,0.5,1
47,46,-46.267,0.401,1
47,47,-52.41,0.4,1
47,48,-59.597,0.298,1
47,49,-64.511636,0.090084,0
47,50,-70.825843,0.110107,0
47,51,-73.066415,0.032907,0
47,52,-76.712473,0.006265,0
47,53,-78.137959,0.005,0
47,54,-81.334374,0.004838,0
47,55,-82.246691,0.008171,0
47,56,-84.802692,0.004099,0
47,57,-85.116452,0.004217,0
47,58,-87.070836,0.004544,0
47,59,-86.942383,0.003016,0
47,60,-88.40667,0.002382,0
47,61,-87.606763,0.002388,0
47,62,-88.719426,0.001287,0
47,63,-87.457302,0.001286,0
47,64,-88.215447,0.001459,0
47,65,-86.583718,0.002422,0
47,66,-87.026822,0.016643,0
47,67,-84.9308,0.004564,0
47,68,-84.982654,0.018268,0
47,69,-82.542653,0.00326,0
47,70,-82.182014,0.013572,0
47,71,-79.553792,0.002515,0
47,72,-78.645765,0.014703,0
47,73,-75.651502,0.004471,0
47,74,-74.402821,0.012109,0
47,75,-71.106108,0.038191,0
47,76,-69.548078,0.030739,0
47,77,-66.200134,0.251503,0
47,78,-64.519932,0.433145,0
47,79,-60.68,0.2,1
47,80,-58.44,0.2,1
47,81,-54.62,0.3,1
47,82,-51.98,0.4,1
47,83,-45.697,0.5,1
47,84,-40.38,0.5,1
47,85,-33.79,0.5,1
48,46,-40.14,0.5,1
48,47,-46.631,0.401,1
48,48,-55.573,0.401,1
48,49,-60.454,0.298,1
48,50,-67.636415,0.051797,0
48,51,-69.931123,0.001584,0
48,52,-74.194596,0.001677,0
48,53,-75.836456,0.00149,0
48,54,-79.659691,0.001662,0
48,55,-80.651616,0.001811,0
48,56,-83.96838,0.001673,0
48,57,-84.333839,0.001392,0
48,58,-87.132138,0.001104,0
48,59,-86.990261,0.001665,0
48,60,-89.252414,0.001123,0
48,61,-88.504321,0.001536,0
48,62,-90.347969,0.00038,0
48,63,-89.252247,0.000357,0
48,64,-90.574859,0.00025,0
48,65,-89.043284,0.000244,0
48,66,-90.014932,0.000276,0
48,67,-88.084479,0.000651,0
48,68,-88.71248,0.00016,0
48,69,-86.418389,0.001013,0
48,70,-86.701641,0.020001,0
48,71,-83.977068,0.037695,0
48,72,-83.957354,0.003726,0
48,73,-81.073826,0.001942,0
48,74,-80.612374,0.002299,0
48,75,-77.414181,0.002696,0
48,76,-76.701672,0.002995,0
48,77,-73.348095,0.002885,0
48,78,-72.256802,0.002476,0
48,79,-68.747402,0.012109,0
48,80,-67.24189,0.007244,0
48,81,-63.058046,0.016767,0
48,82,-61.117589,0.022356,0
48,83,-55.218965,0.102464,0
48,84,-50.263,0.196,1
48,85,-43.92,0.298,1
48,86,-38.92,0.4,1
49,47,-37.89,0.5,1
49,48,-47.189,0.401,1
49,49,-53.896,0.298,1
49,50,-61.376,0.298,1
49,51,-64.312972,0.182519,0
49,52,-68.614,0.196,1
49,53,-70.694884,0.004573,0
49,54,-74.632591,0.009625,0
49,55,-76.182665,0.005775,0
49,56,-79.640572,0.010246,0
49,57,-80.608134,0.012226,0
49,58,-83.564261,0.011125,0
49,59,-84.119819,0.008641,0
49,60,-86.489511,0.003969,0
49,61,-86.469969,0.011553,0
49,62,-88.392043,0.003424,0
49,63,-87.990131,0.004251,0
49,64,-89.367117,0.000188,0
49,65,-88.569801,0.000301,0
49,66,-89.536346,0.000012,0
49,67,-88.249749,0.00022,0
49,68,-88.943042,0.004881,0
49,69,-87.228211,0.007752,0
49,70,-87.699281,0.007307,0
49,71,-85.728369,0.04001,0
49,72,-85.835974,0.027414,0
49,73,-83.572741,0.050057,0
49,74,-83.430353,0.019827,0
49,75,-80.870201,0.030572,0
49,76,-80.476805,0.027023,0
49,77,-77.772908,0.026921,0
49,78,-76.896184,0.021157,0
49,79,-74.145941,0.153479,0
49,80,-72.83772,0.002693,0
49,81,-69.883206,0.038046,0
49,82,-68.02503,0.002701,0
49,83,-62.411542,0.060033,0
49,84,-57.464,0.196,1
49,85,-51.661,0.298,1
49,86,-46.528,0.401,1
49,87,-40.51,0.4,1
49,88,-35.04,0.5,1
50,49,-47.944,0.503,1
50,50,-57.282972,0.301518,0
50,51,-60.305626,0.300005,0
50,52,-64.934884,0.100105,0
50,53,-66.972591,0.070659,0
50,54,-71.627047,0.005745,0
50,55,-73.337992,0.003971,0
50,56,-77.353687,0.005091,0
50,57,-78.512228,0.00531,0
50,58,-82.069938,0.005382,0
50,59,-82.630184,0.007949,0
50,60,-85.841983,0.013777,0
50,61,-85.938587,0.005336,0
50,62,-88.655056,0.000294,0
50,63,-88.328132,0.001575,0
50,64,-90.559723,0.000029,0
50,65,-90.033835,0.000015,0
50,66,-91.52597,0.000096,0
50,67,-90.397751,0.000483,0
50,68,-91.652853,0.000499,0
50,69,-90.065022,0.000725,0
50,70,-91.098369,0.000896,0
50,71,-89.197265,0.000955,0
50,72,-89.941333,0.002395,0
50,73,-87.816181,0.002416,0
50,74,-88.234193,0.001014,0
50,75,-85.896376,0.001033,0
50,76,-86.01524,0.010447,0
50,77,-83.470803,0.010057,0
50,78,-83.362008,0.01766,0
50,79,-80.590903,0.017277,0
50,80,-80.132206,0.001873,0
50,81,-77.264571,0.003621,0
50,82,-76.546542,0.001976,0
50,83,-70.87388,0.001904,0
50,84,-66.433748,0.003167,0
50,85,-60.632244,0.003074,0
50,86,-55.899,0.298,1
50,87,-49.788,0.401,1
50,88,-44.861,0.503,1
50,89,-38.44,0.5,1
51,52,-56.178,0.298,1
51,53,-59.17362,0.122444,0
51,54,-64.015482,0.021827,0
51,55,-66.473292,0.007452,0
51,56,-70.653239,0.004148,0
51,57,-72.445331,0.005496,0
51,58,-76.250977,0.005265,0
51,59,-77.449734,0.005962,0
51,60,-80.836736,0.008849,0
51,61,-81.598965,0.017829,0
51,62,-84.416968,0.017193,0
51,63,-84.496574,0.021838,0
51,64,-87.003403,0.016025,0
51,65,-86.82215,0.00516,0
51,66,-88.639539,0.008437,0
51,67,-87.996213,0.003016,0
51,68,-89.47418,0.007701,0
51,69,-88.417761,0.007196,0
51,70,-89.600321,0.002582,0
51,71,-88.33537,0.002578,0
51,72,-89.224069,0.001506,0
51,73,-87.620248,0.001507,0
51,74,-88.256274,0.002599,0
51,75,-86.39324,0.031767,0
51,76,-86.699477,0.005126,0
51,77,-84.630286,0.019119,0
51,78,-84.629307,0.021231,0
51,79,-82.285676,0.014212,0
51,80,-81.981401,0.002084,0
51,81,-79.635271,0.002467,0
51,82,-78.923503,0.003128,0
51,83,-74.020542,0.001705,0
51,84,-69.690323,0.00264,0
51,85,-64.50688,0.00583,0
51,86,-60.060384,0.052164,0
51,87,-54.220403,1.064232,0
51,88,-49.788,0.401,1
51,89,-43.939,0.596,1
51,90,-39.11,0.5,1
52,53,-52.81151,0.30002,0
52,54,-58.219748,0.100541,0
52,55,-60.539326,0.07083,0
52,56,-65.781667,0.005411,0
52,57,-67.71539,0.004382,0
52,58,-72.229811,0.006575,0
52,59,-73.587477,0.006427,0
52,60,-77.567508,0.008383,0
52,61,-78.347029,0.027945,0
52,62,-81.888569,0.027945,0
52,63,-82.062759,0.027945,0
52,64,-85.268961,0.027945,0
52,65,-85.095411,0.013456,0
52,66,-87.696584,0.018481,0
52,67,-87.18118,0.007957,0
52,68,-89.367987,0.003085,0
52,69,-88.545502,0.02585,0
52,70,-90.31446,0.001507,0
52,71,-89.172156,0.001505,0
52,72,-90.525321,0.001502,0
52,73,-89.022974,0.001502,0
52,74,-90.065348,0.001504,0
52,75,-88.281678,0.001514,0
52,76,-88.993716,0.000866,0
52,77,-87.004807,0.000869,0
52,78,-87.352949,0.000011,0
52,79,-85.211012,0.000061,0
52,80,-85.188186,0.003486,0
52,81,-82.937122,0.002066,0
52,82,-82.533741,0.002746,0
52,83,-77.72878,0.001722,0
52,84,-74.425269,0.002281,0
52,85,-69.303753,0.0021,0
52,86,-65.695985,0.003787,0
52,87,-60.205072,0.00354,0
52,88,-56.576228,0.06241,0
52,89,-50.487,0.401,1
52,90,-46.37,0.503,1
52,91,-40.278,0.503,1
53,54,-49.43,0.3,1
53,55,-52.649605,0.13226,0
53,56,-57.672496,0.006729,0
53,57,-60.464176,0.050552,0
53,58,-64.953785,0.004754,0
53,59,-67.06333,0.010246,0
53,60,-71.119507,0.008011,0
53,61,-72.796,0.149,1
53,62,-76.337797,0.028876,0
53,63,-77.492236,0.096592,0
53,64,-80.436077,0.026196,0
53,65,-80.971048,0.01976,0
53,66,-83.76553,0.027945,0
53,67,-83.752987,0.015314,0
53,68,-86.251449,0.005356,0
53,69,-86.08046,0.005222,0
53,70,-87.943727,0.00374,0
53,71,-87.365734,0.00239,0
53,72,-88.837204,0.001504,0
53,73,-87.911318,0.003809,0
53,74,-88.983909,0.003647,0
53,75,-87.738724,0.003647,0
53,76,-88.507125,0.003168,0
53,77,-86.936138,0.003168,0
53,78,-87.44271,0.000605,0
53,79,-85.70349,0.004065,0
53,80,-85.85826,0.006427,0
53,81,-84.043429,0.004857,0
53,82,-83.779145,0.002061,0
53,83,-79.545214,0.014188,0
53,84,-76.356258,0.008383,0
53,85,-71.9799,0.005962,0
53,86,-68.470954,0.004005,0
53,87,-63.606213,0.012109,0
53,88,-59.926657,0.015835,0
53,89,-54.769984,0.374461,0
53,90,-50.63,0.2,1
53,91,-45.28,0.401,1
53,92,-40.939,0.503,1
54,55,-46.169548,0.300108,0
54,56,-51.922625,0.100988,0
54,57,-54.395534,0.0867,0
54,58,-60.026338,0.008283,0
54,59,-62.203618,0.00684,0
54,60,-67.08589,0.011178,0
54,61,-68.656748,0.012109,0
54,62,-73.046724,0.013041,0
54,63,-74.185337,0.010378,0
54,64,-78.079057,0.010378,0
54,65,-78.794413,0.010378,0
54,66,-82.172423,0.011817,0
54,67,-82.480986,0.010243,0
54,68,-85.354977,0.011111,0
54,69,-85.248701,0.009537,0
54,70,-87.661421,0.001793,0
54,71,-87.193381,0.001836,0
54,72,-89.146962,0.0035,0
54,73,-88.32156,0.00411,0
54,74,-89.860298,0.001061,0
54,75,-88.69605896,0.0000053,0
54,76,-89.880463,0.000009,0
54,77,-88.413558,0.000009,0
54,78,-89.27896179,0.0000051,0
54,79,-87.643571,0.0024,0
54,80,-88.125822,0.000009,0
54,81,-86.413151,0.00372,0
54,82,-86.429159,0.000007,0
54,83,-82.383404,0.000103,0
54,84,-79.972233,0.002804,0
54,85,-75.644576,0.002142,0
54,86,-72.986451,0.002329,0
54,87,-68.197299,0.002888,0
54,88,-65.229639,0.002701,0
54,89,-60.202873,0.004657,0
54,90,-56.872293,0.00531,0
54,91,-51.493329,0.011178,0
54,92,-47.954943,0.024219,0
54,93,-42.36,0.2,1
54,94,-38.6,0.3,1
55,56,-42.821,0.196,1
55,57,-46.290277,0.086796,0
55,58,-51.76453,0.008577,0
55,59,-54.682261,0.071102,0
55,60,-59.699,0.102,1
55,61,-62.043,0.1,1
55,62,-66.493092,0.06241,0
55,63,-68.409367,0.012753,0
55,64,-72.305051,0.01394,0
55,65,-73.888639,0.00997,0
55,66,-77.102331,0.01429,0
55,67,-78.144759,0.033687,0
55,68,-81.043646,0.012109,0
55,69,-81.731334,0.008304,0
55,70,-84.08795,0.007744,0
55,71,-84.350829,0.010401,0
55,72,-86.240154,0.005578,0
55,73,-85.931581,0.005443,0
55,74,-87.499246,0.004555,0
55,75,-86.899743,0.008357,0
55,76,-88.058786,0.004974,0
55,77,-87.152681,0.001036,0
55,78,-88.070931,0.000008,0
55,79,-86.891154,0.000016,0
55,80,-87.581643,0.000992,0
55,81,-86.338697,0.001882,0
55,82,-86.545606,0.000358,0
55,83,-82.886937,0.009159,0
55,84,-80.700921,0.00314,0
55,85,-77.050105,0.008201,0
55,86,-74.477523,0.009195,0
55,87,-70.51455,0.007067,0
55,88,-67.675509,0.007573,0
55,89,-63.271353,0.020132,0
55,90,-60.054415,0.009067,0
55,91,-55.310372,0.002893,0
55,92,-51.920064,0.008383,0
55,93,-46.910942,0.013041,0
55,94,-43.25,0.4,1
55,95,-38.17,0.4,1
55,96,-34.23,0.5,1
55,97,-28.93,0.5,1
56,57,-39.784,0.298,1
56,58,-45.905426,0.102676,0
56,59,-49.02,0.2,1
56,60,-54.58,0.2,1
56,61,-57.457753,0.25034,0
56,62,-62.354,0.196,1
56,63,-64.590086,0.200269,0
56,64,-68.888639,0.300166,0
56,65,-70.744837,0.141898,0
56,66,-74.608944,0.027945,0
56,67,-75.654953,0.012109,0
56,68,-79.089775,0.012497,0
56,69,-79.668965,0.010992,0
56,70,-82.669902,0.012497,0
56,71,-82.817944,0.011357,0
56,72,-85.378497,0.005195,0
56,73,-85.063198,0.010577,0
56,74,-87.261544,0.002553,0
56,75,-86.683731,0.002569,0
56,76,-88.435017,0.001054,0
56,77,-87.553613,0.000992,0
56,78,-88.949853,0.000304,0
56,79,-87.850498,0.000306,0
56,80,-88.886921,0.000306,0
56,81,-87.721235,0.000314,0
56,82,-88.261638,0.000317,0
56,83,-84.913751,0.000319,0
56,84,-83.269354,0.007933,0
56,85,-79.732626,0.005319,0
56,86,-77.842264,0.00592,0
56,87,-73.937197,0.006756,0
56,88,-71.767121,0.007136,0
56,89,-67.516176,0.008477,0
56,90,-64.947086,0.020863,0
56,91,-60.264029,0.019748,0
56,92,-57.593735,0.063079,0
56,93,-53.120309,0.437802,0
56,94,-49.9,0.3,1
56,95,-44.94,0.4,1
56,96,-41.71,0.4,1
56,97,-36.47,0.4,1
56,98,-32.82,0.5,1
57,59,-40.645,0.312,1
57,60,-46.471,0.2,1
57,61,-49.56,0.3,1
57,62,-54.79,0.3,1
57,63,-57.57,0.3,1
57,64,-62.19,0.3,1
57,65,-64.543,0.298,1
57,66,-68.651,0.196,1
57,67,-70.25861,0.056669,0
57,68,-73.759484,0.025997,0
57,69,-74.973468,0.090508,0
57,70,-77.896108,0.026,0
57,71,-78.625431,0.054448,0
57,72,-81.324573,0.021351,0
57,73,-81.627366,0.025946,0
57,74,-83.769256,0.027945,0
57,75,-83.72365,0.036359,0
57,76,-85.494383,0.027945,0
57,77,-85.21865,0.01993,0
57,78,-86.643317,0.009434,0
57,79,-86.037479,0.053171,0
57,80,-87.140688,0.001659,0
57,81,-86.51918,0.003188,0
57,82,-87.226212,0.002009,0
57,83,-84.315871,0.002009,0
57,84,-82.931636,0.004219,0
57,85,-80.024227,0.006309,0
57,86,-78.171515,0.00733,0
57,87,-74.849652,0.012937,0
57,88,-72.835317,0.012269,0
57,89,-69.050283,0.033616,0
57,90,-66.67839,0.010712,0
57,91,-62.708735,0.019468,0
57,92,-60.219913,0.200262,0
57,93,-56.129966,0.435473,0
57,94,-53.310333,0.435473,0
57,95,-49.29,0.3,1
57,96,-46.06,0.3,1
57,97,-41.53,0.3,1
57,98,-37.93,0.4,1
57,99,-33.05,0.4,1
58,61,-43.94,0.5,1
58,62,-49.6,0.5,1
58,63,-52.69,0.401,1
58,64,-57.874,0.401,1
58,65,-60.286,0.298,1
58,66,-64.916,0.298,1
58,67,-66.658,0.196,1
58,68,-70.820558,0.027945,0
58,69,-71.979336,0.028876,0
58,70,-75.533917,0.027945,0
58,71,-76.287496,0.027945,0
58,72,-79.422905,0.027945,0
58,73,-79.70844,0.032802,0
58,74,-82.470896,0.020442,0
58,75,-82.418214,0.016354,0
58,76,-84.832889,0.020387,0
58,77,-84.616171,0.010267,0
58,78,-86.508372,0.000408,0
58,79,-85.918588,0.000437,0
58,80,-87.570922,0.004931,0
58,81,-86.947862,0.00723,0
58,82,-88.076089,0.001596,0
58,83,-85.432916,0.001597,0
58,84,-84.533188,0.002509,0
58,85,-81.606671,0.002508,0
58,86,-80.43187,0.002885,0
58,87,-77.067022,0.033902,0
58,88,-75.635389,0.016306,0
58,89,-72.013891,0.00858,0
58,90,-70.398408,0.011195,0
58,91,-66.669913,0.010246,0
58,92,-64.846854,0.011697,0
58,93,-61.225052,0.017698,0
58,94,-58.98,0.2,1
58,95,-54.91,0.2,1
58,96,-52.22,0.2,1
58,97,-47.78,0.3,1
58,98,-44.82,0.3,1
58,99,-39.93,0.4,1
58,100,-36.66,0.4,1
59,62,-41.422,0.5,1
59,63,-44.78,0.5,1
59,64,-50.23,0.4,1
59,65,-53.151,0.401,1
59,66,-57.94,0.3,1
59,67,-60.324,0.196,1
59,68,-64.543,0.196,1
59,69,-66.330757,0.029808,0
59,70,-69.773558,0.029808,0
59,71,-71.175457,0.064273,0
59,72,-74.300656,0.046995,0
59,73,-75.227456,0.028876,0
59,74,-77.937581,0.012497,0
59,75,-78.527991,0.020316,0
59,76,-80.935861,0.011817,0
59,77,-81.340355,0.011455,0
59,78,-83.201693,0.008137,0
59,79,-83.133922,0.01115,0
59,80,-84.818798,0.007809,0
59,81,-84.688089,0.006209,0
59,82,-86.015644,0.001665,0
59,83,-83.787476,0.001665,0
59,84,-83.068246,0.001897,0
59,85,-80.750517,0.002762,0
59,86,-79.62594,0.007169,0
59,87,-76.681006,0.034816,0
59,88,-75.444067,0.015857,0
59,89,-72.535424,0.015043,0
59,90,-71.039366,0.009874,0
59,91,-68.300479,0.009015,0
59,92,-66.77963,0.011651,0
59,93,-63.758063,0.018537,0
59,94,-61.568463,0.011882,0
59,95,-58.104976,0.113009,0
59,96,-55.415268,0.017198,0
59,97,-51.568,0.2,1
59,98,-48.54,0.3,1
59,99,-44.33,0.3,1
59,100,-41.088,0.4,1
59,101,-36.52,0.4,1
60,64,-44.525,0.503,1
60,65,-47.599,0.401,1
60,66,-52.993,0.298,1
60,67,-55.536,0.298,1
60,68,-60.314,0.196,1
60,69,-62.315,0.202,1
60,70,-66.596232,0.027945,0
60,71,-67.768033,0.027517,0
60,72,-71.425807,0.024205,0
60,73,-72.332372,0.046575,0
60,74,-75.646432,0.011817,0
60,75,-76.213609,0.019128,0
60,76,-79.199287,0.011817,0
60,77,-79.584567,0.011737,0
60,78,-82.01831,0.011601,0
60,79,-82.013942,0.0276,0
60,80,-84.258912,0.003447,0
60,81,-84.19263,0.003265,0
60,82,-85.94998,0.001368,0
60,83,-84.002234,0.001367,0
60,84,-83.747957,0.001367,0
60,85,-81.431951,0.001384,0
60,86,-80.925867,0.001386,0
60,87,-78.146748,0.001388,0
60,88,-77.407996,0.002127,0
60,89,-74.375466,0.002128,0
60,90,-73.679755,0.001289,0
60,91,-70.942988,0.001293,0
60,92,-70.149407,0.024485,0
60,93,-67.330297,0.002747,0
60,94,-65.824976,0.052642,0
60,95,-62.283724,0.009153,0
60,96,-60.473644,0.200033,0
60,97,-56.461543,0.024918,0
60,98,-54.055,0.2,1
60,99,-49.807,0.3,1
60,100,-47.134,0.3,1
60,101,-42.588,0.4,1
60,102,-39.55,0.4,1
61,65,-39.35,0.5,1
61,66,-44.786,0.401,1
61,67,-47.786,0.298,1
61,68,-52.881,0.298,1
61,69,-55.396,0.196,1
61,70,-59.66,0.2,1
61,71,-61.628,0.149,1
61,72,-65.407646,0.050301,0
61,73,-66.738751,0.057753,0
61,74,-70.052075,0.075451,0
61,75,-71.169915,0.069073,0
61,76,-74.072848,0.013041,0
61,77,-74.940483,0.027739,0
61,78,-77.500481,0.013593,0
61,79,-78.213712,0.024246,0
61,80,-80.522921,0.013972,0
61,81,-81.142044,0.023597,0
61,82,-82.960651,0.002996,0
61,83,-81.416093,0.002964,0
61,84,-81.267474,0.002859,0
61,85,-79.454309,0.004308,0
61,86,-79.04226,0.001399,0
61,87,-76.865716,0.005723,0
61,88,-76.064256,0.002267,0
61,89,-73.597139,0.020041,0
61,90,-73.386063,0.004653,0
61,91,-71.254186,0.025912,0
61,92,-70.647824,0.009066,0
61,93,-68.511976,0.046326,0
61,94,-66.939931,0.004718,0
61,95,-64.163644,0.003631,0
61,96,-62.297043,0.007006,0
61,97,-59.089209,0.013453,0
61,98,-56.55428,0.010039,0
61,99,-53.002,0.2,1
61,100,-50.235,0.298,1
61,101,-46.37,0.3,1
61,102,-43.249,0.4,1
61,103,-38.87,0.4,1
62,66,-38.67,0.5,1
62,67,-42,0.5,1
62,68,-47.506,0.401,1
62,69,-50.133,0.401,1
62,70,-55.079,0.298,1
62,71,-57.231,0.298,1
62,72,-61.376,0.196,1
62,73,-62.857215,0.154628,0
62,74,-66.81089,0.012497,0
62,75,-68.026525,0.042395,0
62,76,-71.497762,0.011817,0
62,77,-72.380219,0.010884,0
62,78,-75.455935,0.012497,0
62,79,-75.933909,0.008539,0
62,80,-78.98647,0.003079,0
62,81,-79.517152,0.002804,0
62,82,-81.965535,0.001554,0
62,83,-80.651318,0.001578,0
62,84,-80.996309,0.003092,0
62,85,-79.266354,0.001372,0
62,86,-79.336264,0.001367,0
62,87,-77.135737,0.001311,0
62,88,-77.051139,0.001274,0
62,89,-74.576279,0.001273,0
62,90,-74.762603,0.001212,0
62,91,-72.559686,0.001219,0
62,92,-72.455176,0.001462,0
62,93,-70.190819,0.001487,0
62,94,-69.36043,0.008546,0
62,95,-66.677577,0.004433,0
62,96,-65.250243,0.004892,0
62,97,-62.207775,0.005934,0
62,98,-60.234793,0.005934,0
62,99,-56.671962,0.006817,0
62,100,-54.53,0.196,1
62,101,-50.72,0.298,1
62,102,-48.102,0.298,1
62,103,-43.808,0.401,1
62,104,-40.73,0.4,1
63,67,-33.683,0.5,1
63,68,-39.27,0.401,1
63,69,-42.2,0.4,1
63,70,-47.236,0.298,1
63,71,-49.928,0.298,1
63,72,-54.148,0.196,1
63,73,-56.244,0.196,1
63,74,-60.145895,0.004378,0
63,75,-61.749669,0.027945,0
63,76,-65.398042,0.013151,0
63,77,-66.985935,0.051538,0
63,78,-69.925629,0.012639,0
63,79,-71.31347,0.030158,0
63,80,-74.2413,0.010986,0
63,81,-75.619133,0.010789,0
63,82,-77.991507,0.003106,0
63,83,-77.117541,0.006026,0
63,84,-77.544756,0.00263,0
63,85,-76.299331,0.010013,0
63,86,-76.441112,0.003951,0
63,87,-74.792234,0.006253,0
63,88,-74.652854,0.001325,0
63,89,-72.888255,0.001326,0
63,90,-73.367222,0.00133,0
63,91,-71.738121,0.001346,0
63,92,-71.818092,0.001401,0
63,93,-70.082548,0.00359,0
63,94,-69.458908,0.004259,0
63,95,-67.255188,0.010255,0
63,96,-66.043285,0.004325,0
63,97,-63.480463,0.009501,0
63,98,-61.791524,0.010399,0
63,99,-58.703401,0.035229,0
63,100,-56.484886,0.065544,0
63,101,-53.381,0.114,1
63,102,-50.724,0.138,1
63,103,-47.208,0.358,1
63,104,-44.01,0.4,1
63,105,-39.74,0.5,1
64,69,-35.86,0.5,1
64,70,-41.302,0.401,1
64,71,-44.39,0.4,1
64,72,-49.09,0.298,1
64,73,-51.214,0.298,1
64,74,-55.8,0.196,1
64,75,-57.632,0.196,1
64,76,-61.782271,0.027945,0
64,77,-63.224224,0.01976,0
64,78,-66.959515,0.027945,0
64,79,-68.2313,0.200301,0
64,80,-71.759504,0.027945,0
64,81,-72.92632,0.019709,0
64,82,-76.085783,0.004108,0
64,83,-75.356945,0.001965,0
64,84,-76.269329,0.001554,0
64,85,-75.127011,0.00336,0
64,86,-75.763934,0.006076,0
64,87,-74.188737,0.003056,0
64,88,-74.706916,0.001206,0
64,89,-72.882551,0.001203,0
64,90,-73.705954,0.001197,0
64,91,-72.06988,0.001191,0
64,92,-72.534914,0.00119,0
64,93,-70.823473,0.001189,0
64,94,-70.689546,0.001189,0
64,95,-68.561436,0.001192,0
64,96,-67.941741,0.001278,0
64,97,-65.505824,0.001622,0
64,98,-64.280401,0.004009,0
64,99,-61.313886,0.008426,0
64,100,-59.774,0.102,1
64,101,-56.453,0.121,1
64,102,-54.53,0.196,1
64,103,-50.813,0.298,1
64,104,-48.363,0.401,1
64,105,-44.153,0.503,1
64,106,-41.38,0.596,1
65,70,-32.825,0.401,1
65,71,-36.13,0.5,1
65,72,-40.967,0.401,1
65,73,-43.668,0.298,1
65,74,-48.13,0.298,1
65,75,-50.482271,0.800488,0
65,76,-54.540837,0.105259,0
65,77,-56.559515,0.700558,0
65,78,-60.419183,0.051232,0
65,79,-62.368181,0.027945,0
65,80,-66.388411,0.109174,0
65,81,-67.76361,0.044862,0
65,82,-70.742665,0.0081,0
65,83,-70.537082,0.012464,0
65,84,-71.488669,0.003667,0
65,85,-71.105721,0.007384,0
65,86,-71.623504,0.004137,0
65,87,-70.716916,0.040018,0
65,88,-71.313338,0.003995,0
65,89,-70.156303,0.045314,0
65,90,-71.25005,0.009849,0
65,91,-70.090797,0.003814,0
65,92,-70.76343,0.001222,0
65,93,-69.470668,0.001401,0
65,94,-69.532363,0.001256,0
65,95,-67.836257,0.001262,0
65,96,-67.461589,0.00135,0
65,97,-65.675958,0.036372,0
65,98,-64.596071,0.004073,0
65,99,-62.077965,0.100003,0
65,100,-60.566,0.102,1
65,101,-57.884789,0.070005,0
65,102,-55.927,0.196,1
65,103,-52.723,0.298,1
65,104,-50.329,0.298,1
65,105,-46.724,0.401,1
65,106,-44.032,0.503,1
65,107,-39.85,0.503,1
66,72,-34.931,0.503,1
66,73,-37.642,0.503,1
66,74,-42.83,0.401,1
66,75,-45.382,0.298,1
66,76,-50.12,0.729,1
66,77,-52.168941,0.013041,0
66,78,-56.570083,0.007173,0
66,79,-58.242599,0.00652,0
66,80,-62.554918,0.006695,0
66,81,-64.196038,0.008849,0
66,82,-67.85955,0.008724,0
66,83,-67.695909,0.009221,0
66,84,-69.3096,0.004348,0
66,85,-68.752405,0.003293,0
66,86,-70.117873,0.004624,0
66,87,-69.142943,0.004048,0
66,88,-70.393907,0.007445,0
66,89,-69.15555,0.009665,0
66,90,-70.528964,0.001194,0
66,91,-69.424558,0.005177,0
66,92,-70.407349,0.002365,0
66,93,-69.167134,0.001528,0
66,94,-69.67273,0.000772,0
66,95,-68.055801,0.000768,0
66,96,-68.181478,0.000767,0
66,97,-66.38117,0.000765,0
66,98,-65.967965,0.000767,0
66,99,-63.612606,0.000769,0
66,100,-62.584789,0.000867,0
66,101,-59.930626,0.060228,0
66,102,-58.559566,0.140009,0
66,103,-55.597177,0.30067,0
66,104,-53.663,0.196,1
66,105,-50.189,0.298,1
66,106,-48.009,0.298,1
66,107,-43.939,0.401,1
66,108,-41.37,0.503,1
67,73,-29.259,0.503,1
67,74,-34.364,0.401,1
67,75,-37.25,0.401,1
67,76,-42.048,0.298,1
67,77,-44.609513,0.008477,0
67,78,-49.120105,0.007452,0
67,79,-51.238219,0.006587,0
67,80,-55.757092,0.005001,0
67,81,-57.991158,0.083834,0
67,82,-61.646578,0.01199,0
67,83,-61.945881,0.014168,0
67,84,-63.622738,0.008302,0
67,85,-63.604771,0.012529,0
67,86,-65.012103,0.005094,0
67,87,-64.639311,0.008228,0
67,88,-66.039539,0.017474,0
67,89,-65.478964,0.060012,0
67,90,-66.832832,0.023469,0
67,91,-66.187593,0.027108,0
67,92,-67.329534,0.003088,0
67,93,-66.38273,0.01502,0
67,94,-67.19727,0.002242,0
67,95,-66.041541,0.003166,0
67,96,-66.378335,0.000765,0
67,97,-64.981503,0.001528,0
67,98,-64.899006,0.00101,0
67,99,-63.071329,0.00101,0
67,100,-62.280626,0.005234,0
67,101,-60.061171,0.030023,0
67,102,-58.797177,0.02006,0
67,103,-56.238681,0.050024,0
67,104,-54.518956,0.600002,0
67,105,-51.484,0.196,1
67,106,-49.351,0.298,1
67,107,-45.69,0.298,1
67,108,-43.203,0.401,1
67,109,-39.29,0.503,1
68,74,-28.03,0.5,1
68,75,-31.26,0.4,1
68,76,-36.608,0.196,1
68,77,-39.24,0.2,1
68,78,-44.322012,0.006705,0
68,79,-46.607807,0.038191,0
68,80,-51.478989,0.010246,0
68,81,-53.741615,0.027945,0
68,82,-57.831313,0.017195,0
68,83,-58.266284,0.01647,0
68,84,-60.500377,0.00883,0
68,85,-60.468604,0.009321,0
68,86,-62.60502,0.004986,0
68,87,-62.209189,0.006098,0
68,88,-64.211709,0.024629,0
68,89,-63.413639,0.026505,0
68,90,-65.303808,0.025219,0
68,91,-64.561034,0.003679,0
68,92,-66.064228,0.024254,0
68,93,-65.201608,0.00878,0
68,94,-66.334519,0.000822,0
68,95,-65.167723,0.004639,0
68,96,-65.94289,0.000775,0
68,97,-64.52161,0.000964,0
68,98,-64.926042,0.001165,0
68,99,-63.29118,0.001166,0
68,100,-62.991171,0.001168,0
68,101,-60.923104,0.001179,0
68,102,-60.108681,0.001546,0
68,103,-57.718956,0.001557,0
68,104,-56.483612,0.004008,0
68,105,-53.654,0.196,1
68,106,-51.949,0.298,1
68,107,-48.652,0.401,1
68,108,-46.631,0.401,1
68,109,-42.858,0.503,1
68,110,-40.26,0.596,1
69,75,-22.259,0.4,1
69,76,-27.583,0.196,1
69,77,-31.055,0.2,1
69,78,-35.9744,0.006839,0
69,79,-38.765027,0.010246,0
69,80,-43.883,0.196,1
69,81,-46.491,0.196,1
69,82,-50.772756,0.019416,0
69,83,-51.720273,0.054027,0
69,84,-53.973329,0.011983,0
69,85,-54.427131,0.014412,0
69,86,-56.625913,0.009925,0
69,87,-56.83455,0.014279,0
69,88,-58.709273,0.027945,0
69,89,-58.703194,0.025219,0
69,90,-60.570398,0.027945,0
69,91,-60.302028,0.034262,0
69,92,-61.898708,0.027945,0
69,93,-61.477791,0.02606,0
69,94,-62.728723,0.005524,0
69,95,-61.904035,0.024394,0
69,96,-62.929621,0.001671,0
69,97,-61.888375,0.011606,0
69,98,-62.543641,0.001298,0
69,99,-61.312921,0.001709,0
69,100,-61.275212,0.000812,0
69,101,-59.795853,0.000801,0
69,102,-59.210298,0.000972,0
69,103,-57.374379,0.005503,0
69,104,-56.256059,0.0044,0
69,105,-53.864512,0.044721,0
69,106,-52.310549,0.05,0
69,107,-49.371314,0.1,0
69,108,-47.469,0.298,1
69,109,-44.116,0.401,1
69,110,-41.601,0.503,1
69,111,-37.92,0.503,1
69,112,-35.17,0.596,1
70,78,-30.33,0.4,1
70,79,-33.198,0.3,1
70,80,-38.638,0.3,1
70,81,-41.542342,0.300492,0
70,82,-46.270381,0.149708,0
70,83,-47.208,0.196,1
70,84,-49.932083,0.017281,0
70,85,-50.502608,0.0166,0
70,86,-53.265721,0.009308,0
70,87,-53.421898,0.01092,0
70,88,-56.010237,0.007994,0
70,89,-55.838606,0.017794,0
70,90,-58.162706,0.007233,0
70,91,-57.8394,0.015354,0
70,92,-59.826347,0.015359,0
70,93,-59.299094,0.015364,0
70,94,-61.017418,0.015369,0
70,95,-60.295382,0.026539,0
70,96,-61.59574,0.007101,0
70,97,-60.590576,0.003981,0
70,98,-61.581901,0.001195,0
70,99,-60.377563,0.001205,0
70,100,-60.763919,0.00001,0
70,101,-59.30681,0.000013,0
70,102,-59.255446,0.000014,0
70,103,-57.551225,0.000011,0
70,104,-56.944512,0.000011,0
70,105,-54.695549,0.000071,0
70,106,-53.491314,0.000015,0
70,107,-50.986397,0.00022,0
70,108,-49.695475,0.01,0
70,109,-46.537,0.196,1
70,110,-44.6,0.298,1
70,111,-41.088,0.298,1
70,112,-38.82,0.401,1
70,113,-35.1,0.401,1
70,114,-32.54,0.503,1
70,115,-28.5,0.503,1
71,79,-24.64,0.3,1
71,80,-30.108,0.3,1
71,81,-33.422,0.196,1
71,82,-38.372844,0.150034,0
71,83,-39.715,0.196,1
71,84,-42.545047,0.019246,0
71,85,-43.699544,0.054122,0
71,86,-46.440523,0.012078,0
71,87,-47.21219,0.015125,0
71,88,-49.708604,0.037663,0
71,89,-50.269937,0.056821,0
71,90,-52.562344,0.027945,0
71,91,-52.831753,0.075036,0
71,92,-54.791409,0.027945,0
71,93,-54.64237,0.027945,0
71,94,-56.442242,0.026539,0
71,95,-56.020981,0.029808,0
71,96,-57.501125,0.031671,0
71,97,-57.06785,0.039266,0
71,98,-58.084563,0.003233,0
71,99,-57.306224,0.016843,0
71,100,-57.828395,0.001862,0
71,101,-56.73598,0.002336,0
71,102,-56.880916,0.001567,0
71,103,-55.570195,0.001567,0
71,104,-55.165582,0.001207,0
71,105,-53.382236,0.001212,0
71,106,-52.383806,0.00122,0
71,107,-50.337784,0.002251,0
71,108,-49.058918,0.00515,0
71,109,-46.676348,0.070725,0
71,110,-44.79741,0.125752,0
71,111,-41.88,0.196,1
71,112,-39.71611,0.080108,0
71,113,-36.412,0.298,1
71,114,-33.888,0.298,1
71,115,-30.21,0.401,1
71,116,-27.58,0.401,1
71,117,-23.79,0.503,1
72,81,-27.3,0.3,1
72,82,-32.67,0.3,1
72,83,-34.17,0.298,1
72,84,-37.816896,0.149757,0
72,85,-38.903,0.196,1
72,86,-42.10239,0.017494,0
72,87,-42.8526,0.016813,0
72,88,-45.938943,0.009541,0
72,89,-46.314672,0.022551,0
72,90,-49.169008,0.008968,0
72,91,-49.263682,0.024778,0
72,92,-51.818505,0.01582,0
72,93,-51.635507,0.027945,0
72,94,-53.858983,0.027945,0
72,95,-53.467756,0.027945,0
72,96,-55.360552,0.027945,0
72,97,-54.716889,0.027945,0
72,98,-56.253854,0.027945,0
72,99,-55.431345,0.028876,0
72,100,-56.402226,0.024428,0
72,101,-55.411784,0.027945,0
72,102,-55.844481,0.002259,0
72,103,-54.481662,0.002282,0
72,104,-54.576321,0.001481,0
72,105,-52.880616,0.001408,0
72,106,-52.435236,0.001412,0
72,107,-50.462907,0.001413,0
72,108,-49.779348,0.001419,0
72,109,-47.402831,0.00142,0
72,110,-46.049508,0.006165,0
72,111,-43.282796,0.030034,0
72,112,-41.499373,0.039706,0
72,113,-38.3198,0.064273,0
72,114,-36.42421,0.051232,0
72,115,-32.817,0.298,1
72,116,-30.879,0.298,1
72,117,-27.162,0.298,1
72,118,-25.03,0.401,1
73,82,-23.928,0.3,1
73,83,-25.861,0.298,1
73,84,-29.59333,0.150069,0
73,85,-31.167,0.196,1
73,86,-34.439148,0.019689,0
73,87,-35.823695,0.054316,0
73,88,-38.778997,0.024382,0
73,89,-39.780194,0.052238,0
73,90,-42.534629,0.038061,0
73,91,-43.2828,0.027945,0
73,92,-45.847853,0.013863,0
73,93,-46.097775,0.027945,0
73,94,-48.351059,0.027945,0
73,95,-48.393908,0.027945,0
73,96,-50.29043,0.027945,0
73,97,-50.137665,0.027945,0
73,98,-51.720273,0.027945,0
73,99,-51.329977,0.027945,0
73,100,-52.396538,0.027945,0
73,101,-51.740766,0.027945,0
73,102,-52.408647,0.027945,0
73,103,-51.365374,0.030739,0
73,104,-51.714616,0.003314,0
73,105,-50.598,0.052,1
73,106,-50.357323,0.001463,0
73,107,-48.932877,0.001939,0
73,108,-48.438311,0.001403,0
73,109,-46.429934,0.001405,0
73,110,-45.292796,0.001419,0
73,111,-42.839373,0.02601,0
73,112,-41.394293,0.014161,0
73,113,-38.607528,0.060012,0
73,114,-36.895546,0.05589,0
73,115,-33.61203,0.054958,0
73,116,-31.829,0.196,1
73,117,-28.513,0.196,1
73,118,-26.492,0.298,1
73,119,-23.064,0.401,1
73,120,-20.87,0.401,1
73,121,-17.3,0.503,1
74,83,-19.47,0.4,1
74,84,-23.633,0.3,1
74,85,-25.295,0.298,1
74,86,-29.326455,0.149827,0
74,87,-30.555,0.196,1
74,88,-33.999207,0.017658,0
74,89,-34.908193,0.052751,0
74,90,-38.235759,0.009674,0
74,91,-38.861022,0.024977,0
74,92,-41.888031,0.009478,0
74,93,-42.098058,0.018261,0
74,94,-44.893109,0.013271,0
74,95,-44.917873,0.015436,0
74,96,-47.290832,0.013195,0
74,97,-47.08609,0.027945,0
74,98,-49.097186,0.027945,0
74,99,-48.727383,0.027945,0
74,100,-50.227088,0.027945,0
74,101,-49.632795,0.027945,0
74,102,-50.641603,0.027945,0
74,103,-49.701726,0.027945,0
74,104,-50.406936,0.015199,0
74,105,-49.295127,0.014573,0
74,106,-49.636115,0.001436,0
74,107,-48.233818,0.001445,0
74,108,-48.24606,0.000738,0
74,109,-46.36558,0.000737,0
74,110,-45.705373,0.000731,0
74,111,-43.387793,0.000733,0
74,112,-42.508528,0.001212,0
74,113,-39.90397,0.001212,0
74,114,-38.667811,0.003089,0
74,115,-35.617536,0.040054,0
74,116,-34.382313,0.039726,0
74,117,-31.176173,0.041917,0
74,118,-29.649,0.196,1
74,119,-26.287,0.196,1
74,120,-24.526,0.298,1
74,121,-21.01,0.298,1
74,122,-18.88,0.401,1
74,123,-15.14,0.401,1
75,84,-14.745,0.305,1
75,85,-16.739,0.298,1
75,86,-20.840203,0.149922,0
75,87,-22.501,0.196,1
75,88,-26.002244,0.018534,0
75,89,-27.472436,0.054555,0
75,90,-30.659776,0.023594,0
75,91,-31.893478,0.07231,0
75,92,-34.831,0.04,1
75,93,-35.794885,0.030821,0
75,94,-38.409232,0.011374,0
75,95,-38.913193,0.023109,0
75,96,-41.25028,0.027945,0
75,97,-41.537106,0.038995,0
75,98,-43.553865,0.027945,0
75,99,-43.673096,0.027945,0
75,100,-45.288307,0.027945,0
75,101,-45.062885,0.027945,0
75,102,-46.26917,0.027945,0
75,103,-45.653453,0.027945,0
75,104,-46.58428,0.024639,0
75,105,-45.837359,0.021392,0
75,106,-46.517391,0.012549,0
75,107,-45.44606,0.101983,0
75,108,-45.80958,0.008034,0
75,109,-44.219634,0.004275,0
75,110,-43.819027,0.000818,0
75,111,-41.927086,0.000826,0
75,112,-41.216478,0.000736,0
75,113,-39.016811,0.000738,0
75,114,-37.979043,0.008191,0
75,115,-35.63583,0.070852,0
75,116,-34.350296,0.010265,0
75,117,-31.588825,0.070794,0
75,118,-30.231638,0.039123,0
75,119,-27.237,0.196,1
75,120,-25.579,0.298,1
75,121,-22.542,0.298,1
75,122,-20.502,0.298,1
75,123,-17.139,0.401,1
75,124,-14.86,0.401,1
76,85,-9.979,0.4,1
76,86,-14.44,0.3,1
76,87,-16.192,0.298,1
76,88,-20.422106,0.149919,0
76,89,-21.795,0.196,1
76,90,-25.431517,0.017966,0
76,91,-26.501993,0.072682,0
76,92,-29.995213,0.009904,0
76,93,-30.722691,0.025167,0
76,94,-33.926247,0.009773,0
76,95,-34.301942,0.017823,0
76,96,-37.243842,0.012782,0
76,97,-37.438257,0.014959,0
76,98,-39.995416,0.010254,0
76,99,-40.105376,0.011775,0
76,100,-42.09794,0.027945,0
76,101,-41.956462,0.014613,0
76,102,-43.54427,0.013632,0
76,103,-43.019495,0.016504,0
76,104,-44.35781,0.016391,0
76,105,-43.549963,0.025338,0
76,106,-44.609104,0.021745,0
76,107,-43.664043,0.04976,0
76,108,-44.252533,0.000827,0
76,109,-42.80588,0.00083,0
76,110,-42.999943,0.000761,0
76,111,-41.218945,0.000736,0
76,112,-41.137233,0.000734,0
76,113,-38.986745,0.000666,0
76,114,-38.707771,0.00065,0
76,115,-36.395185,0.000659,0
76,116,-35.882191,0.002315,0
76,117,-33.394289,0.002321,0
76,118,-32.435108,0.002403,0
76,119,-29.511593,0.05589,0
76,120,-28.277105,0.040055,0
76,121,-25.309,0.196,1
76,122,-23.837,0.196,1
76,123,-20.484,0.196,1
76,124,-18.779,0.298,1
76,125,-15.239,0.298,1
76,126,-13.087,0.401,1
76,127,-7.64,0.401,1
77,87,-7.344,0.314,1
77,88,-11.593,0.158,1
77,89,-13.354,0.196,1
77,90,-17.07244,0.018346,0
77,91,-18.666226,0.055216,0
77,92,-22.093839,0.023308,0
77,93,-23.36,0.089,1
77,94,-26.412025,0.038466,0
77,95,-27.379369,0.032402,0
77,96,-30.268435,0.011026,0
77,97,-30.863492,0.024322,0
77,98,-33.394506,0.012384,0
77,99,-33.878326,0.01675,0
77,100,-36.047421,0.01976,0
77,101,-36.251884,0.01976,0
77,102,-38.081714,0.009771,0
77,103,-37.977526,0.021706,0
77,104,-39.463028,0.005245,0
77,105,-39.051679,0.020967,0
77,106,-40.203311,0.024398,0
77,107,-39.610851,0.027945,0
77,108,-40.335553,0.027945,0
77,109,-39.172346,0.016526,0
77,110,-39.549372,0.027945,0
77,111,-38.344907,0.009423,0
77,112,-38.449586,0.012576,0
77,113,-36.753544,0.00137,0
77,114,-36.708756,0.001311,0
77,115,-34.835561,0.001314,0
77,116,-34.536235,0.001328,0
77,117,-32.531708,0.001332,0
77,118,-31.692251,0.001333,0
77,119,-29.435493,0.038414,0
77,120,-28.264105,0.02011,0
77,121,-25.821,0.196,1
77,122,-24.398515,0.041054,0
77,123,-21.611,0.196,1
77,124,-19.897,0.196,1
77,125,-16.776,0.298,1
77,126,-14.69,0.401,1
77,127,-9.688,0.401,1
77,128,-5.96,0.503,1
78,88,-4.73,0.3,1
78,89,-6.612,0.302,1
78,90,-11.00746,0.149951,0
78,91,-12.512,0.196,1
78,92,-16.299193,0.018247,0
78,93,-17.469702,0.072747,0
78,94,-21.10692,0.010377,0
78,95,-21.942911,0.055977,0
78,96,-25.318163,0.010351,0
78,97,-25.713466,0.018185,0
78,98,-28.933867,0.012724,0
78,99,-29.370444,0.014988,0
78,100,-31.997519,0.010133,0
78,101,-32.268145,0.007977,0
78,102,-34.435877,0.010974,0
78,103,-34.381511,0.013689,0
78,104,-36.168449,0.013095,0
78,105,-35.772487,0.015533,0
78,106,-37.334243,0.015584,0
78,107,-36.68814,0.025832,0
78,108,-37.864443,0.021745,0
78,109,-36.68505,0.024048,0
78,110,-37.820929,0.005304,0
78,111,-36.469348,0.01009,0
78,112,-37.30645,0.000657,0
78,113,-35.698237,0.004127,0
78,114,-36.288457,0.00257,0
78,115,-34.479608,0.001359,0
78,116,-34.76007,0.000496,0
78,117,-32.793849,0.000503,0
78,118,-32.64451,0.00051,0
78,119,-30.41975,0.000536,0
78,120,-29.903999,0.0021,0
78,121,-27.388682,0.002159,0
78,122,-26.59916,0.02011,0
78,123,-23.740714,0.050103,0
78,124,-22.692125,0.02515,0
78,125,-19.627,0.196,1
78,126,-17.922,0.196,1
78,127,-12.966,0.298,1
78,128,-9.632,0.298,1
78,129,-4.54,0.401,1
78,130,-0.99,0.4,1
79,90,-1.788,0.298,1
79,91,-3.752,0.196,1
79,92,-7.562295,0.020713,0
79,93,-9.318006,0.056158,0
79,94,-12.83244,0.022784,0
79,95,-14.235,0.089,1
79,96,-17.403955,0.03864,0
79,97,-18.520963,0.033185,0
79,98,-21.545103,0.010496,0
79,99,-22.303743,0.010086,0
79,100,-24.988567,0.011696,0
79,101,-25.625509,0.004786,0
79,102,-27.871136,0.019976,0
79,103,-28.300768,0.02026,0
79,104,-30.191483,0.009423,0
79,105,-30.31871,0.022275,0
79,106,-31.858143,0.002608,0
79,107,-31.714852,0.020967,0
79,108,-33.027838,0.022308,0
79,109,-32.371308,0.002701,0
79,110,-33.581955,0.020081,0
79,111,-32.833533,0.003447,0
79,112,-33.797904,0.004926,0
79,113,-32.772116,0.015827,0
79,114,-33.404821,0.008674,0
79,115,-32.211936,0.002118,0
79,116,-32.567031,0.001119,0
79,117,-31.138706,0.002962,0
79,118,-31.139738,0.000542,0
79,119,-29.580781,0.00054,0
79,120,-29.093741,0.000542,0
79,121,-27.240092,0.026717,0
79,122,-26.400714,0.003218,0
79,123,-24.352979,0.023287,0
79,124,-23.143436,0.003083,0
79,125,-20.65,0.2,1
79,126,-18.77,0.196,1
79,127,-14.215,0.298,1
79,128,-10.81,0.3,1
79,129,-6.101,0.298,1
79,130,-2.54,0.4,1
79,131,2.329,0.401,1
80,91,3.48,0.303,1
80,92,-1.058744,0.150079,0
80,93,-2.71,0.196,1
80,94,-6.641009,0.019211,0
80,95,-7.972576,0.072896,0
80,96,-11.78495,0.011119,0
80,97,-12.782542,0.075056,0
80,98,-16.315901,0.01077,0
80,99,-16.928134,0.027267,0
80,100,-20.250447,0.012649,0
80,101,-20.661136,0.015382,0
80,102,-23.576922,0.00979,0
80,103,-23.804674,0.007084,0
80,104,-26.348965,0.010062,0
80,105,-26.183666,0.013639,0
80,106,-28.539097,0.01165,0
80,107,-28.11793,0.013905,0
80,108,-30.201914,0.012275,0
80,109,-29.626401,0.031553,0
80,110,-31.370697,0.015907,0
80,111,-30.591896,0.02228,0
80,112,-32.011553,0.015537,0
80,113,-31.062179,0.015505,0
80,114,-32.183945,0.002888,0
80,115,-31.013393,0.023142,0
80,116,-31.825941,0.002946,0
80,117,-30.540229,0.003207,0
80,118,-30.95431,0.000458,0
80,119,-29.546068,0.000526,0
80,120,-29.50327,0.000529,0
80,121,-27.662542,0.000711,0
80,122,-27.345324,0.000705,0
80,123,-25.269265,0.001627,0
80,124,-24.690145,0.000498,0
80,125,-22.28774,0.003654,0
80,126,-20.945801,0.02044,0
80,127,-16.487444,0.029808,0
80,128,-13.265406,0.030739,0
80,129,-8.644,0.149,1
80,130,-5.365,0.196,1
80,131,-0.624,0.196,1
80,132,2.757,0.298,1
80,133,7.666,0.298,1
80,134,11.178,0.401,1
80,135,16.208,0.401,1
80,136,19.859,0.401,1
81,95,0.581594,0.075086,0
81,96,-3.340526,0.021629,0
81,97,-4.79,0.089,1
81,98,-8.268495,0.038793,0
81,99,-9.386647,0.06001,0
81,100,-12.798735,0.009108,0
81,101,-13.327927,0.011839,0
81,102,-16.587257,0.009331,0
81,103,-16.883242,0.01002,0
81,104,-19.757741,0.020674,0
81,105,-19.886613,0.022356,0
81,106,-22.444587,0.008048,0
81,107,-22.3364,0.029904,0
81,108,-24.6161,0.008368,0
81,109,-24.372027,0.007948,0
81,110,-26.282945,0.007349,0
81,111,-25.872246,0.031671,0
81,112,-27.477212,0.006707,0
81,113,-26.937491,0.013972,0
81,114,-28.155248,0.011093,0
81,115,-27.496592,0.012109,0
81,116,-28.341649,0.016325,0
81,117,-27.528746,0.007545,0
81,118,-28.059394,0.027945,0
81,119,-27.04723,0.005759,0
81,120,-27.180838,0.014185,0
81,121,-25.980216,0.001606,0
81,122,-25.761377,0.001166,0
81,123,-24.346145,0.001152,0
81,124,-23.820874,0.001237,0
81,125,-22.253367,0.001284,0
81,126,-21.034451,0.005439,0
81,127,-16.750132,0.001854,0
81,128,-13.644757,0.00611,0
81,129,-9.246969,0.011604,0
81,130,-6.077998,0.041917,0
81,131,-1.551,0.2,1
81,132,1.783811,0.027013,0
81,133,6.465,0.196,1
81,134,9.911,0.298,1
81,135,14.718,0.298,1
81,136,18.313,0.401,1
81,137,23.18,0.4,1
82,96,3.574294,0.023963,0
82,97,2.050639,0.07559,0
82,98,-1.94138,0.012396,0
82,99,-3.11735,0.075411,0
82,100,-6.825112,0.012098,0
82,101,-7.575218,0.028151,0
82,102,-11.051522,0.012806,0
82,103,-11.54122,0.016175,0
82,104,-14.682026,0.011363,0
82,105,-14.986959,0.005094,0
82,106,-17.815202,0.010622,0
82,107,-17.844035,0.014062,0
82,108,-20.416645,0.012514,0
82,109,-20.231118,0.03726,0
82,110,-22.55602,0.013295,0
82,111,-22.19449,0.049577,0
82,112,-24.20794,0.017435,0
82,113,-23.707693,0.01796,0
82,114,-25.348312,0.00771,0
82,115,-24.745401,0.004804,0
82,116,-26.067489,0.00875,0
82,117,-25.231804,0.009996,0
82,118,-26.251054,0.010927,0
82,119,-25.271036,0.013747,0
82,120,-25.940614,0.003796,0
82,121,-24.786557,0.006554,0
82,122,-25.109892,0.001146,0
82,123,-23.770239,0.001144,0
82,124,-23.785584,0.001144,0
82,125,-22.452047,0.001147,0
82,126,-21.748598,0.001148,0
82,127,-17.614646,0.001747,0
82,128,-14.728502,0.001447,0
82,129,-10.492948,0.002261,0
82,130,-7.54885,0.001842,0
82,131,-3.203532,0.006954,0
82,132,-0.182769,0.001975,0
82,133,4.342244,0.052448,0
82,134,7.48,0.196,1
82,135,12.24,0.298,1
82,136,15.453,0.298,1
82,137,20.279,0.401,1
82,138,23.669,0.401,1
83,101,1.063068,0.07811,0
83,102,-2.236,0.081,1
83,103,-3.146212,0.016857,0
83,104,-6.383271,0.010005,0
83,105,-7.194687,0.011187,0
83,106,-10.06466,0.020851,0
83,107,-10.599579,0.022562,0
83,108,-13.239347,0.007487,0
83,109,-13.534535,0.030112,0
83,110,-15.884559,0.007576,0
83,111,-16.028811,0.006178,0
83,112,-18.025561,0.005287,0
83,113,-18.009031,0.024428,0
83,114,-19.687191,0.008333,0
83,115,-19.369486,0.027945,0
83,116,-20.797566,0.010568,0
83,117,-20.370755,0.022321,0
83,118,-21.416433,0.015183,0
83,119,-20.741484,0.015396,0
83,120,-21.524827,0.012778,0
83,121,-20.645896,0.00918,0
83,122,-21.064504,0.005111,0
83,123,-20.028278,0.007632,0
83,124,-20.054627,0.002397,0
83,125,-18.870223,0.002304,0
83,126,-18.258662,0.001364,0
83,127,-14.791979,0.001363,0
83,128,-11.859131,0.005442,0
83,129,-8.117954,0.001854,0
83,130,-5.231635,0.005082,0
83,131,-1.200753,0.011209,0
83,132,1.629322,0.005624,0
83,133,5.873991,0.011178,0
83,134,8.729962,0.017698,0
83,135,13.216037,0.027013,0
83,136,16.283,0.196,1
83,137,20.819,0.298,1
83,138,24.098,0.298,1
83,139,28.729,0.3,1
83,140,32.137,0.401,1
83,141,36.83,0.4,1
84,102,4.100974,0.018286,0
84,103,2.828597,0.031898,0
84,104,-0.544313,0.019973,0
84,105,-1.422005,0.022059,0
84,106,-4.563837,0.013465,0
84,107,-5.068735,0.007103,0
84,108,-8.070661,0.01111,0
84,109,-8.325318,0.014531,0
84,110,-11.004655,0.012911,0
84,111,-11.056259,0.037364,0
84,112,-13.473042,0.013512,0
84,113,-13.35799,0.049679,0
84,114,-15.473352,0.017424,0
84,115,-15.208483,0.01806,0
84,116,-16.941761,0.007579,0
84,117,-16.521185,0.004942,0
84,118,-17.941616,0.00867,0
84,119,-17.310889,0.008655,0
84,120,-18.341244,0.011013,0
84,121,-17.521398,0.010059,0
84,122,-18.188674,0.004012,0
84,123,-17.145775,0.006659,0
84,124,-17.469596,0.001737,0
84,125,-16.366092,0.001778,0
84,126,-15.953137,0.001146,0
84,127,-12.432571,0.001255,0
84,128,-10.369487,0.001152,0
84,129,-6.653584,0.003053,0
84,130,-4.470046,0.001449,0
84,131,-0.541706,0.002121,0
84,132,1.78242,0.001816,0
84,133,5.883518,0.006544,0
84,134,8.356901,0.001973,0
84,135,12.681359,0.015835,0
84,136,15.263461,0.017698,0
84,137,19.773755,0.019561,0
84,138,22.486265,0.040054,0
84,139,27.079,0.196,1
84,140,29.91,0.196,1
84,141,34.53,0.298,1
84,142,37.549,0.401,1
84,143,42.281,0.401,1
85,106,3.863917,0.016103,0
85,107,2.925854,0.027876,0
85,108,-0.06732,0.021632,0
85,109,-0.720163,0.024931,0
85,110,-3.470295,0.009573,0
85,111,-3.914677,0.030284,0
85,112,-6.35525,0.007983,0
85,113,-6.714513,0.005868,0
85,114,-8.823372,0.005384,0
85,115,-8.987892,0.024465,0
85,116,-10.789438,0.008184,0
85,117,-10.590732,0.027977,0
85,118,-12.162557,0.010576,0
85,119,-11.875433,0.022288,0
85,120,-12.971946,0.015085,0
85,121,-12.429718,0.015056,0
85,122,-13.227416,0.012406,0
85,123,-12.469871,0.008921,0
85,124,-12.882613,0.005102,0
85,125,-11.972177,0.007695,0
85,126,-11.647264,0.002729,0
85,127,-8.628221,0.002384,0
85,128,-6.579595,0.004898,0
85,129,-3.379831,0.004298,0
85,130,-1.255756,0.006799,0
85,131,2.256666,0.003575,0
85,132,4.394635,0.005001,0
85,133,8.098162,0.011604,0
85,134,10.396076,0.003237,0
85,135,14.375747,0.013972,0
85,136,16.782727,0.013972,0
85,137,20.953026,0.015835,0
85,138,23.428006,0.013972,0
85,139,27.711015,0.022356,0
85,140,30.395,0.298,1
85,141,34.614,0.298,1
85,142,37.483,0.298,1
85,143,41.684,0.401,1
85,144,44.823,0.401,1
86,107,9.042911,0.025112,0
86,108,5.723495,0.016899,0
86,109,5.050281,0.050502,0
86,110,1.970991,0.014417,0
86,111,1.510353,0.016193,0
86,112,-1.230358,0.01342,0
86,113,-1.499451,0.037588,0
86,114,-4.004765,0.013681,0
86,115,-4.072324,0.049732,0
86,116,-6.274635,0.01752,0
86,117,-6.153699,0.018179,0
86,118,-7.970193,0.007444,0
86,119,-7.709786,0.00508,0
86,120,-9.132965,0.008591,0
86,121,-8.634762,0.008497,0
86,122,-9.655591,0.011138,0
86,123,-8.941049,0.00996,0
86,124,-9.60477,0.004557,0
86,125,-8.755404,0.006813,0
86,126,-8.659608,0.003145,0
86,127,-5.696026,0.00337,0
86,128,-4.319742,0.009187,0
86,129,-1.168561,0.007672,0
86,130,0.252868,0.005994,0
86,131,3.658501,0.004198,0
86,132,5.217347,0.002316,0
86,133,8.829402,0.0021,0
86,134,10.612077,0.001815,0
86,135,14.47142,0.005714,0
86,136,16.372206,0.00195,0
86,137,20.389739,0.007822,0
86,138,22.445098,0.009814,0
86,139,26.534141,0.01114,0
86,140,28.747192,0.010477,0
86,141,32.885834,0.014091,0
86,142,35.243465,0.017677,0
86,143,39.3624,0.013041,0
86,144,42.048,0.196,1
86,145,46.454,0.298,1
87,110,10.253971,0.054404,0
87,111,9.574024,0.032222,0
87,112,6.771393,0.013726,0
87,113,6.132498,0.030611,0
87,114,3.588577,0.00908,0
87,115,3.096237,0.00704,0
87,116,0.876417,0.006232,0
87,117,0.60731,0.024581,0
87,118,-1.309813,0.007824,0
87,119,-1.242416,0.028195,0
87,120,-2.844341,0.017505,0
87,121,-2.665919,0.011834,0
87,122,-3.769572,0.014648,0
87,123,-3.333205,0.015154,0
87,124,-4.140249,0.011991,0
87,125,-3.515968,0.008775,0
87,126,-3.552848,0.005091,0
87,127,-0.958707,0.008634,0
87,128,0.318065,0.007066,0
87,129,2.97095,0.004173,0
87,130,4.31459,0.006531,0
87,131,7.059117,0.004757,0
87,132,8.617767,0.007039,0
87,133,11.48232,0.004028,0
87,134,13.27729,0.004886,0
87,135,16.378105,0.007452,0
87,136,18.382394,0.001932,0
87,137,21.748616,0.011178,0
87,138,23.82061,0.011967,0
87,139,27.520539,0.00623,0
87,140,29.682445,0.005898,0
87,141,33.384221,0.006732,0
87,142,35.668262,0.005001,0
87,143,39.486768,0.006541,0
87,144,42.080575,0.007731,0
87,145,46.072834,0.013972,0
87,146,48.920051,0.019561,0
88,113,11.936801,0.020301,0
88,114,9.074861,0.015018,0
88,115,8.661726,0.038124,0
88,116,6.056787,0.015273,0
88,117,5.838991,0.070521,0
88,118,3.565539,0.018008,0
88,119,3.544485,0.053202,0
88,120,1.727856,0.009023,0
88,121,1.858219,0.005747,0
88,122,0.442792,0.009193,0
88,123,0.832023,0.007918,0
88,124,-0.198968,0.011263,0
88,125,0.345557,0.009818,0
88,126,0.092734,0.00525,0
88,127,2.533739,0.007613,0
88,128,3.291077,0.008737,0
88,129,5.889656,0.007202,0
88,130,6.65117,0.011176,0
88,131,9.394282,0.008258,0
88,132,10.270245,0.008237,0
88,133,12.963811,0.00463,0
88,134,14.320188,0.004454,0
88,135,17.233309,0.00209,0
88,136,18.825917,0.001813,0
88,137,21.993109,0.002596,0
88,138,23.667824,0.001933,0
88,139,27.177711,0.001952,0
88,140,28.940268,0.001996,0
88,141,32.561963,0.015441,0
88,142,34.516306,0.010296,0
88,143,38.216486,0.01137,0
88,144,40.496953,0.009151,0
88,145,44.33406,0.008603,0
88,146,46.930629,0.008383,0
88,147,51.13,0.3,1
89,116,14.106693,0.050818,0
89,117,13.479452,0.050493,0
89,118,11.146233,0.050387,0
89,119,10.753235,0.055716,0
89,120,8.843809,0.050608,0
89,121,8.789699,0.057402,0
89,122,7.202214,0.052976,0
89,123,7.277298,0.051381,0
89,124,6.154692,0.015272,0
89,125,6.443854,0.01536,0
89,126,6.030615,0.012406,0
89,127,8.144395,0.01084,0
89,128,8.703673,0.011389,0
89,129,10.843609,0.05074,0
89,130,11.56948,0.050497,0
89,131,13.743682,0.006129,0
89,132,14.523109,0.050425,0
89,133,16.621474,0.005174,0
89,134,17.825882,0.00711,0
89,135,20.234135,0.004089,0
89,136,21.637346,0.004758,0
89,137,24.309264,0.0031,0
89,138,25.84958,0.001927,0
89,139,28.894728,0.002094,0
89,140,30.689933,0.012109,0
89,141,33.838383,0.015835,0
89,142,35.762849,0.013041,0
89,143,39.154419,0.013041,0
89,144,41.308033,0.013041,0
89,145,44.84119,0.013972,0
89,146,47.357155,0.013972,0
89,147,51.220992,0.038191,0
89,148,54.02,0.4,1
90,118,16.68373,0.03419,0
90,119,16.367,0.14,1
90,120,14.059446,0.018909,0
90,121,13.910171,0.07301,0
90,122,12.110808,0.010109,0
90,123,12.120086,0.009217,0
90,124,10.694885,0.010661,0
90,125,10.921586,0.00884,0
90,126,10.298332,0.012042,0
90,127,12.20578,0.010614,0
90,128,12.366741,0.010516,0
90,129,14.47139,0.050576,0
90,130,14.6691,0.022166,0
90,131,16.940371,0.008166,0
90,132,17.203111,0.012279,0
90,133,19.385831,0.009212,0
90,134,19.993734,0.01012,0
90,135,22.310127,0.005093,0
90,136,23.197634,0.004481,0
90,137,25.804823,0.002088,0
90,138,26.770984,0.001807,0
90,139,29.585583,0.002405,0
90,140,30.862593,0.00121,0
90,141,33.815891,0.001218,0
90,142,35.446784,0.001422,0
90,143,38.731715,0.001425,0
90,144,40.613009,0.002589,0
90,145,44.017749,0.013041,0
90,146,46.255198,0.013972,0
90,147,49.955092,0.015835,0
90,148,52.525,0.283,1
90,149,56.45,0.4,1
91,120,22.08,0.102,1
91,121,21.593358,0.074862,0
91,122,19.662625,0.071142,0
91,123,19.485515,0.076125,0
91,124,17.863939,0.072845,0
91,125,17.799214,0.053526,0
91,126,17.06841,0.015918,0
91,127,18.68377,0.018329,0
91,128,18.540131,0.051516,0
91,129,20.218,0.051,1
91,130,20.376288,0.051281,0
91,131,22.155,0.072,1
91,132,22.320676,0.071063,0
91,133,23.862278,0.007587,0
91,134,24.340725,0.071012,0
91,135,26.033276,0.01142,0
91,136,26.831198,0.00742,0
91,137,28.923586,0.00434,0
91,138,29.896908,0.00328,0
91,139,32.173607,0.003038,0
91,140,33.424404,0.001772,0
91,141,35.946633,0.007645,0
91,142,37.489472,0.001336,0
91,143,40.338921,0.004094,0
91,144,42.288896,0.013972,0
91,145,45.33395,0.013972,0
91,146,47.527619,0.013041,0
91,147,50.894038,0.015835,0
91,148,53.337,0.196,1
91,149,56.91,0.2,1
91,150,59.64,0.3,1
92,123,24.923087,0.08849,0
92,124,23.066351,0.028093,0
92,125,22.973,0.071,1
92,126,21.894608,0.013714,0
92,127,23.286569,0.050775,0
92,128,22.933,0.101,1
92,129,24.519995,0.051114,0
92,130,24.272827,0.051994,0
92,131,25.837006,0.071119,0
92,132,25.722252,0.023171,0
92,133,27.379921,0.010909,0
92,134,27.328869,0.012999,0
92,135,29.045462,0.009705,0
92,136,29.222226,0.014354,0
92,137,31.210554,0.005938,0
92,138,31.615002,0.004509,0
92,139,33.806015,0.00267,0
92,140,34.60953,0.001809,0
92,141,36.919176,0.002255,0
92,142,38.145025,0.00113,0
92,143,40.918846,0.001117,0
92,144,42.444644,0.001113,0
92,145,45.390194,0.001203,0
92,146,47.307783,0.001493,0
92,147,50.572718,0.001503,0
92,148,52.715505,0.002553,0
92,149,56.197,0.196,1
92,150,58.62,0.201,1
92,151,62.36,0.3,1
93,126,29.456655,0.088354,0
93,127,30.311,0.196,1
93,128,29.85,0.2,1
93,129,31.019,0.196,1
93,130,30.6,0.196,1
93,131,31.876,0.196,1
93,132,31.587704,0.071622,0
93,133,32.777,0.088,1
93,134,32.56208,0.072506,0
93,135,33.595694,0.050572,0
93,136,33.779675,0.086848,0
93,137,35.236291,0.051288,0
93,138,35.624513,0.050547,0
93,139,37.36,0.1,1
93,140,37.94859,0.050981,0
93,141,39.954871,0.008397,0
93,142,41.043108,0.001389,0
93,143,43.378178,0.050421,0
93,144,44.871659,0.00112,0
93,145,47.454656,0.001138,0
93,146,49.311057,0.001311,0
93,147,52.316272,0.017032,0
93,148,54.260175,0.070719,0
93,149,57.416932,0.200004,0
93,150,59.876,0.032,1
93,151,63.202,0.298,1
93,152,65.89,0.3,1
94,133,36.77,0.1,1
94,134,36.08737,0.029143,0
94,135,37.39559,0.051176,0
94,136,36.934392,0.014824,0
94,137,38.309005,0.022549,0
94,138,38.36314,0.017595,0
94,139,40.051769,0.050351,0
94,140,40.349971,0.006798,0
94,141,42.18241,0.020521,0
94,142,42.901593,0.001811,0
94,143,45.091722,0.001697,0
94,144,46.163213,0.001139,0
94,145,48.588282,0.001113,0
94,146,50.12538,0.001106,0
94,147,52.955175,0.001106,0
94,148,54.716932,0.001245,0
94,149,57.754602,0.002542,0
94,150,59.806028,0.002346,0
94,151,63.178179,0.01362,0
94,152,65.394801,0.014985,0
94,153,69.108,0.196,1
95,134,42.15002,0.087348,0
95,135,42.932,0.133,1
95,136,42.41,0.3,1
95,137,43.34,0.3,1
95,138,43.263,0.102,1
95,139,44.461,0.159,1
95,140,44.625429,0.052192,0
95,141,46.041,0.112,1
95,142,46.57,0.059,1
95,143,48.421487,0.0507,0
95,144,49.390424,0.001982,0
95,145,51.510169,0.013832,0
95,146,52.934395,0.001114,0
95,147,55.468072,0.001119,0
95,148,57.175046,0.001388,0
95,149,59.879196,0.001492,0
95,150,61.900469,0.001887,0
95,151,64.994,0.018,1
95,152,67.153,0.1,1
95,153,70.563,0.2,1
95,154,73.104,0.298,1
96,135,47.27,0.3,1
96,136,46.312,0.202,1
96,137,47.294006,0.071547,0
96,138,46.724633,0.017394,0
96,139,48.034,0.201,1
96,140,47.855045,0.018315,0
96,141,49.247085,0.07096,0
96,142,49.445188,0.012234,0
96,143,51.147025,0.054047,0
96,144,51.724306,0.001906,0
96,145,53.70183,0.001608,0
96,146,54.803764,0.001142,0
96,147,57.181998,0.001496,0
96,148,58.451896,0.001107,0
96,149,61.00458,0.00115,0
96,150,62.616967,0.001526,0
96,151,65.533143,0.003797,0
96,152,67.392755,0.002358,0
96,153,70.750702,0.002371,0
96,154,72.989594,0.010274,0
96,155,76.648018,0.022698,0
96,156,79.056,0.298,1
97,136,52.861,0.224,1
97,137,53.455,0.142,1
97,138,52.704,0.401,1
97,139,53.542,0.401,1
97,140,53.188,0.224,1
97,141,54.216,0.255,1
97,142,54.25,0.207,1
97,143,55.664,0.15,1
97,144,56.032,0.2,1
97,145,57.734,0.2,1
97,146,58.689693,0.004524,0
97,147,60.713885,0.014399,0
97,148,61.813836,0.001793,0
97,149,63.966967,0.060019,0
97,150,65.489562,0.005189,0
97,151,68.08,0.071,1
97,152,69.846384,0.001249,0
97,153,72.949978,0.003719,0
97,154,75.228018,0.010734,0
97,155,78.535,0.2,1
97,156,80.929,0.359,1
97,157,84.393,0.298,1
98,139,57.938921,0.087287,0
98,140,57.278,0.298,1
98,141,58.269,0.209,1
98,142,57.990944,0.0187,0
98,143,59.327,0.166,1
98,144,59.386966,0.012892,0
98,145,60.99,0.114,1
98,146,61.478179,0.002618,0
98,147,63.38521,0.002428,0
98,148,64.090292,0.001515,0
98,149,66.103903,0.015334,0
98,150,67.238012,0.005121,0
98,151,69.722784,0.001183,0
98,152,71.170391,0.001538,0
98,153,74.135018,0.003901,0
98,154,76.034617,0.002358,0
98,155,79.301567,0.004257,0
98,156,81.341401,0.011462,0
98,157,84.809,0.2,1
98,158,87.041,0.314,1
99,140,63.556,0.298,1
99,141,64.199,0.401,1
99,142,63.863,0.225,1
99,143,64.801,0.256,1
99,144,64.747,0.207,1
99,145,66.026,0.181,1
99,146,66.366,0.2,1
99,147,67.901,0.224,1
99,148,68.578388,0.019441,0
99,149,70.299,0.052,1
99,150,71.175,0.03,1
99,151,73.225,0.1,1
99,152,74.512277,0.005994,0
99,153,77.294617,0.050056,0
99,154,79.010538,0.00125,0
99,155,81.990594,0.00401,0
99,156,84.089274,0.010817,0
99,157,87.187,0.1,1
99,158,89.403,0.411,1
99,159,92.702,0.401,1
100,141,69.126,0.298,1
100,142,68.4,0.401,1
100,143,69.387,0.215,1
100,144,68.966,0.201,1
100,145,70.187,0.195,1
100,146,70.188833,0.015333,0
100,147,71.673,0.115,1
100,148,71.897857,0.008497,0
100,149,73.519188,0.006212,0
100,150,74.072243,0.007888,0
100,151,75.953919,0.015203,0
100,152,76.815627,0.005498,0
100,153,79.34574,0.002932,0
100,154,80.902794,0.002414,0
100,155,83.799654,0.004291,0
100,156,85.486817,0.0056,0
100,157,88.590033,0.004486,0
100,158,90.426,0.2,1
100,159,93.704,0.283,1
100,160,95.766,0.435,1
101,144,75.272,0.305,1
101,145,76.115,0.259,1
101,146,75.937,0.207,1
101,147,77.148,0.237,1
101,148,77.232,0.201,1
101,149,78.63,0.301,1
101,150,78.966744,0.018919,0
101,151,80.51,0.13,1
101,152,81.173,0.031,1
101,153,83.453,0.1,1
101,154,84.84307,0.006553,0
101,155,87.456,0.122,1
101,156,88.993053,0.001601,0
101,157,91.686792,0.004419,0
101,158,93.624,0.2,1
101,159,96.552,0.316,1
101,160,98.578,0.509,1
101,161,101.627,0.5,1
102,146,80.621,0.224,1
102,147,81.782,0.279,1
102,148,81.564,0.201,1
102,149,82.849,0.114,1
102,150,82.871427,0.009292,0
102,151,84.358735,0.006912,0
102,152,84.723347,0.009658,0
102,153,86.807234,0.014904,0
102,154,87.822062,0.007743,0
102,155,90.247256,0.006678,0
102,156,91.478,0.1,1
102,157,94.078569,0.006589,0
102,158,95.612,0.2,1
102,159,98.455,0.2,1
102,160,100.101,0.361,1
102,161,103.129,0.49,1
102,162,105.011,0.591,1
103,148,87.728,0.298,1
103,149,88.737,0.238,1
103,150,88.575,0.202,1
103,151,89.871,0.301,1
103,152,89.9473,0.017698,0
103,153,91.746598,0.082903,0
103,154,92.665,0.044,1
103,155,94.782,0.102,1
103,156,95.852,0.071,1
103,157,98.277,0.124,1
103,158,99.558,0.2,1
103,159,102.102,0.2,1
103,160,103.729,0.283,1
103,161,106.377,0.436,1
103,162,108.233,0.547,1
103,163,111.622,0.583,1
104,149,93.557,0.41,1
104,150,93.199,0.283,1
104,151,94.33,0.115,1
104,152,94.222049,0.017848,0
104,153,95.866427,0.010817,0
104,154,96.341036,0.031967,0
104,155,98.362,0.072,1
104,156,99.147,0.2,1
104,157,101.318594,0.050444,0
104,158,102.393,0.224,1
104,159,104.756,0.153,1
104,160,106.077,0.361,1
104,161,108.69,0.361,1
104,162,110.076,0.469,1
104,163,113.444,0.575,1
104,164,115.476,0.662,1
105,150,99.593,0.359,1
105,151,100.498,0.24,1
105,152,100.207,0.203,1
105,153,101.797,0.305,1
105,154,101.991016,0.05304,0
105,155,103.673,0.093,1
105,156,104.308,0.11,1
105,157,106.253,0.143,1
105,158,107.111,0.168,1
105,159,109.362,0.235,1
105,160,110.483,0.224,1
105,161,112.737,0.283,1
105,162,114.074,0.412,1
105,163,117.062,0.529,1
105,164,119.148,0.624,1
105,165,122.307,0.617,1
106,152,105.244,0.413,1
106,153,106.52,0.115,1
106,154,106.547552,0.020536,0
106,155,108.005043,0.018494,0
106,156,108.365771,0.035411,0
106,157,110.19,0.095,1
106,158,110.782,0.283,1
106,159,112.794,0.123,1
106,160,113.618,0.245,1
106,161,115.806,0.257,1
106,162,116.802,0.469,1
106,163,119.763,0.364,1
106,164,121.491,0.557,1
106,165,124.757,0.585,1
106,166,126.58,0.727,1
106,167,130.018,0.503,1
107,153,113.323,0.245,1
107,154,113.133,0.209,1
107,155,114.541,0.306,1
107,156,114.496,0.305,1
107,157,116.058,0.177,1
107,158,116.415,0.234,1
107,159,118.104,0.163,1
107,160,118.766,0.263,1
107,161,120.807,0.381,1
107,162,121.478,0.374,1
107,163,124.226,0.287,1
107,164,125.921,0.415,1
107,165,128.789,0.532,1
107,166,130.633,0.692,1
107,167,133.682,0.619,1
107,168,135.691,0.596,1
108,155,119.678,0.125,1
108,156,119.563222,0.028881,0
108,157,120.900283,0.023958,0
108,158,121.136373,0.038695,0
108,159,122.653,0.096,1
108,160,122.83,0.283,1
108,161,124.564,0.124,1
108,162,125.112,0.248,1
108,163,127.74,0.28,1
108,164,129.006,0.51,1
108,165,131.89,0.367,1
108,166,133.486,0.592,1
108,167,136.62,0.587,1
108,168,138.285,0.754,1
108,169,141.493,0.541,1
109,156,126.678,0.451,1
109,157,127.962,0.307,1
109,158,127.791,0.503,1
109,159,129.151,0.233,1
109,160,129.37,0.463,1
109,161,130.71,0.17,1
109,162,131.101,0.33,1
109,163,133.581,0.485,1
109,164,134.713,0.424,1
109,165,137.246,0.354,1
109,166,138.829,0.418,1
109,167,141.315,0.532,1
109,168,142.968,0.699,1
109,169,145.736,0.621,1
109,170,147.496,0.667,1
110,157,133.88,0.135,1
110,158,133.648,0.301,1
110,159,134.834709,0.031403,0
110,160,134.678282,0.048011,0
110,161,135.948,0.097,1
110,162,136.015,0.413,1
110,163,138.356,0.134,1
110,164,139.197,0.389,1
110,165,141.565,0.41,1
110,166,142.541,0.548,1
110,167,145.14,0.384,1
110,168,146.381,0.625,1
110,169,149.126,0.598,1
110,170,150.52,0.78,1
110,171,153.431,0.579,1
111,161,142.773,0.233,1
111,162,142.695,0.526,1
111,163,144.613,0.177,1
111,164,145.296,0.519,1
111,165,147.486,0.629,1
111,166,148.338,0.52,1
111,167,150.517,0.357,1
111,168,151.775,0.421,1
111,169,153.886,0.532,1
111,170,155.297,0.806,1
111,171,157.8,0.654,1
111,172,159.281,0.697,1
112,164,150.352,0.596,1
112,165,152.403,0.143,1
112,166,152.932,0.438,1
112,167,155.03,0.456,1
112,168,155.696,0.583,1
112,169,158.019,0.387,1
112,170,158.976,0.656,1
112,171,161.486,0.608,1
112,172,162.545,0.806,1
112,173,165.173,0.581,1
113,165,158.889,0.184,1
113,166,159.239,0.699,1
113,167,161.14,0.4,1
113,168,161.81,0.3,1
113,169,163.725,0.361,1
113,170,164.707,0.436,1
113,171,166.591,0.534,1
113,172,167.731,0.807,1
113,173,170.014,0.656,1
113,174,171.245,0.725,1
114,170,168.921,0.656,1
114,171,171.003,0.391,1
114,172,171.773,0.657,1
114,173,174.073,0.61,1
114,174,175.042,0.806,1
114,175,177.564,0.584,1
115,172,177.895,0.439,1
115,173,179.771,0.536,1
115,174,180.666,0.809,1
115,175,182.894,0.658,1
115,176,183.99,0.784,1
116,173,184.528,0.492,1
116,174,185.198,0.66,1
116,175,187.387,0.612,1
116,176,188.242,0.806,1
116,177,190.669,0.586,1
117,174,191.8,0.594,1
117,175,193.576,0.669,1
117,176,194.385,0.81,1
117,177,196.521,0.66,1
118,175,198.873,0.702,1
118,176,199.463,0.663,1
118,177,201.512,0.644,1
